Step,v_fracdone,Temp,Press,Density,PotEng,KinEng,TotEng
0,0.0,1.0,0.035830292,0.033333333,-1.603595,1.4985,-0.10509496
20,0.001,0.66774998,-0.0044706056,0.033333333,-1.3242984,1.0006233,-0.32367506
40,0.002,0.48663682,0.016954339,0.033333333,-1.3077728,0.72922528,-0.57854749
60,0.003,0.62584455,0.01362359,0.033333333,-1.3165842,0.93782806,-0.37875618
80,0.004,0.87910065,0.024481513,0.033333333,-1.3420587,1.3173323,-0.024726392
100,0.005,0.83254917,0.025643646,0.033333333,-1.3473642,1.2475749,-0.099789275
120,0.006,0.6229964,0.012840464,0.033333333,-1.3613758,0.93356011,-0.42781573
140,0.007,0.66355129,0.019929812,0.033333333,-1.3574762,0.99433161,-0.3631446
160,0.008,0.93878075,0.026280113,0.033333333,-1.3529916,1.406763,0.053771357
180,0.009,0.99673481,0.027853365,0.033333333,-1.3459555,1.4936071,0.14765163
200,0.01,0.76336258,0.022663932,0.033333333,-1.3345291,1.1438988,-0.19063024
220,0.011,0.68800374,0.016626139,0.033333333,-1.3250269,1.0309736,-0.29405333
240,0.012,0.96499191,0.026172907,0.033333333,-1.3486171,1.4460404,0.097423263
260,0.013,1.1243754,0.03249737,0.033333333,-1.3204644,1.6848765,0.36441218
280,0.014,0.92953538,0.026778013,0.033333333,-1.3002857,1.3929088,0.092623029
300,0.015,0.74994026,0.0093544457,0.033333333,-1.2952684,1.1237855,-0.17148295
320,0.016,0.93045512,0.023986554,0.033333333,-1.2924985,1.394287,0.10178854
340,0.017,1.1883354,0.029228717,0.033333333,-1.2859421,1.7807206,0.49477844
360,0.018,1.0745712,0.028781705,0.033333333,-1.2412099,1.610245,0.36903515
380,0.019,0.832739,0.024913779,0.033333333,-1.2487779,1.2478594,-0.00091852693
400,0.02,0.86957332,0.026680448,0.033333333,-1.2186981,1.3030556,0.084357479
420,0.021,1.1514461,0.030305403,0.033333333,-1.2119453,1.7254419,0.51349666
440,0.022,1.1990225,0.031890153,0.033333333,-1.224753,1.7967353,0.57198228
460,0.023,0.91718811,0.028361504,0.033333333,-1.1778037,1.3744064,0.19660272
480,0.024,0.83252067,0.017230786,0.033333333,-1.1712318,1.2475322,0.076300394
500,0.025,1.0779637,0.027669052,0.033333333,-1.1783526,1.6153286,0.43697598
520,0.026,1.2271457,0.034291833,0.033333333,-1.1769417,1.8388779,0.66193614
540,0.027,1.0443406,0.035032977,0.033333333,-1.185045,1.5649444,0.37989939
560,0.028,0.84755395,0.018513235,0.033333333,-1.1663543,1.2700596,0.10370527
580,0.029,0.97634773,0.029229311,0.033333333,-1.1538213,1.4630571,0.30923578
600,0.03,1.1780422,0.027791543,0.033333333,-1.1471025,1.7652963,0.61819378
620,0.031,1.099488,0.034750236,0.033333333,-1.1578429,1.6475828,0.4897399
640,0.032,0.88686805,0.026696813,0.033333333,-1.1785987,1.3289718,0.15037311
660,0.033,0.87014473,0.02335795,0.033333333,-1.1290467,1.3039119,0.17486513
680,0.034,1.0626639,0.026819649,0.033333333,-1.1080553,1.5924018,0.48434652
700,0.035,1.1094496,0.034376362,0.033333333,-1.1386491,1.6625103,0.52386115
720,0.036,0.8987862,0.025237785,0.033333333,-1.1136604,1.3468311,0.23317069
740,0.037,0.81961188,0.017746981,0.033333333,-1.1089681,1.2281884,0.11922031
760,0.038,0.98092139,0.027294919,0.033333333,-1.1043194,1.4699107,0.3655913
780,0.039,1.1094231,0.033174231,0.033333333,-1.121067,1.6624704,0.54140346
800,0.04,1.0013423,0.02903731,0.033333333,-1.1345943,1.5005114,0.36591718
820,0.041,0.88593761,0.027582135,0.033333333,-1.1538921,1.3275775,0.17368541
840,0.042,0.95910739,0.021104686,0.033333333,-1.1291587,1.4372224,0.30806371
860,0.043,1.1068679,0.032976317,0.033333333,-1.1189899,1.6586415,0.53965167
880,0.044,1.0909133,0.027555365,0.033333333,-1.1416153,1.6347336,0.49311829
900,0.045,0.95025355,0.026655742,0.033333333,-1.1431389,1.4239549,0.28081605
920,0.046,0.94142143,0.02358631,0.033333333,-1.1247056,1.41072,0.28601442
940,0.047,1.0459277,0.025823406,0.033333333,-1.073538,1.5673227,0.49378467
960,0.048,1.0887643,0.031962086,0.033333333,-1.0768851,1.6315133,0.55462814
980,0.049,0.98779487,0.023915405,0.033333333,-1.090317,1.4802106,0.38989362
1000,0.05,0.92755646,0.025852633,0.033333333,-1.09251,1.3899434,0.29743339
1020,0.051,1.0168299,0.025271074,0.033333333,-1.0981759,1.5237197,0.42554377
1040,0.052,1.0984047,0.033238348,0.033333333,-1.0987685,1.6459594,0.5471909
1060,0.053,1.0346707,0.030813731,0.033333333,-1.0848174,1.5504541,0.46563665
1080,0.054,0.92861264,0.023205227,0.033333333,-1.0545796,1.391526,0.33694649
1100,0.055,0.9508267,0.028248419,0.033333333,-1.0579205,1.4248138,0.36689336
1120,0.056,1.0410863,0.025315678,0.033333333,-1.0734323,1.5600678,0.48663549
1140,0.057,1.0539933,0.034556473,0.033333333,-1.0855836,1.5794089,0.49382536
1160,0.058,0.98531863,0.022272591,0.033333333,-1.0909474,1.4765,0.3855526
1180,0.059,0.9592799,0.027572025,0.033333333,-1.09597,1.4374809,0.34151094
1200,0.06,0.99645796,0.024281737,0.033333333,-1.0777669,1.4931923,0.41542537
1220,0.061,1.0274399,0.028902601,0.033333333,-1.0683824,1.5396187,0.47123634
1240,0.062,0.99056985,0.025578524,0.033333333,-1.0603886,1.4843689,0.42398031
1260,0.063,0.95513105,0.026797793,0.033333333,-1.0769282,1.4312639,0.35433572
1280,0.064,0.96666844,0.026357521,0.033333333,-1.0794224,1.4485527,0.36913022
1300,0.065,1.0178128,0.029403481,0.033333333,-1.0868669,1.5251925,0.43832563
1320,0.066,1.0249786,0.031241818,0.033333333,-1.076703,1.5359304,0.45922747
1340,0.067,0.98461384,0.028282508,0.033333333,-1.0669421,1.4754438,0.40850176
1360,0.068,0.94491444,0.026534799,0.033333333,-1.0428102,1.4159543,0.37314411
1380,0.069,0.97364953,0.020857628,0.033333333,-1.0453432,1.4590138,0.41367064
1400,0.07,1.0185036,0.030876574,0.033333333,-1.0481158,1.5262277,0.47811195
1420,0.071,1.0071281,0.027492764,0.033333333,-1.0270376,1.5091815,0.48214396
1440,0.072,0.97076721,0.028022167,0.033333333,-1.0217198,1.4546947,0.43297483
1460,0.073,0.96845589,0.027305642,0.033333333,-1.0253819,1.4512312,0.42584926
1480,0.074,0.99668492,0.027556074,0.033333333,-0.99702227,1.4935323,0.49651007
1500,0.075,1.0446437,0.03108572,0.033333333,-1.0086576,1.5653986,0.55674107
1520,0.076,1.019431,0.027188499,0.033333333,-1.0030903,1.5276173,0.52452698
1540,0.077,0.97060976,0.021700887,0.033333333,-0.9873458,1.4544587,0.46711292
1560,0.078,0.98580753,0.028465826,0.033333333,-0.97926372,1.4772326,0.49796886
1580,0.079,1.0438151,0.030695516,0.033333333,-0.97644437,1.5641569,0.58771252
1600,0.08,1.0421134,0.025111015,0.033333333,-0.96062086,1.561607,0.60098611
1620,0.081,0.98557614,0.030071916,0.033333333,-0.95291108,1.4768858,0.52397477
1640,0.082,0.97190811,0.025739357,0.033333333,-0.96038183,1.4564043,0.49602248
1660,0.083,1.0483499,0.02817541,0.033333333,-0.994689,1.5709523,0.57626334
1680,0.084,1.0930813,0.032644873,0.033333333,-0.99992621,1.6379824,0.63805618
1700,0.085,1.0399696,0.029078502,0.033333333,-0.9816297,1.5583945,0.57676476
1720,0.086,0.99215317,0.019953356,0.033333333,-0.99843657,1.4867415,0.48830496
1740,0.087,1.0017508,0.032506868,0.033333333,-0.98866393,1.5011236,0.51245966
1760,0.088,1.0621695,0.033096487,0.033333333,-0.99872153,1.591661,0.59293943
1780,0.089,1.0476039,0.025157624,0.033333333,-1.0021043,1.5698344,0.56773012
1800,0.09,0.97712319,0.033239849,0.033333333,-1.0095882,1.4642191,0.45463087
1820,0.091,0.94417937,0.026493589,0.033333333,-0.99642332,1.4148528,0.41842945
1840,0.092,0.99083129,0.029186661,0.033333333,-0.98783132,1.4847607,0.49692937
1860,0.093,1.006484,0.020941984,0.033333333,-0.97068244,1.5082162,0.53753376
1880,0.094,0.97742981,0.029187967,0.033333333,-1.006176,1.4646786,0.45850255
1900,0.095,0.93132231,0.028999246,0.033333333,-1.0027184,1.3955865,0.39286813
1920,0.096,0.97001507,0.024499467,0.033333333,-1.0041952,1.4535676,0.44937242
1940,0.097,1.0222712,0.03412157,0.033333333,-0.99821659,1.5318734,0.53365684
1960,0.098,0.9916926,0.024145995,0.033333333,-0.97616551,1.4860514,0.50988585
1980,0.099,0.94056561,0.02836809,0.033333333,-0.97989163,1.4094376,0.42954594
2000,0.1,0.95231164,0.026527493,0.033333333,-0.98448382,1.427039,0.44255516
2020,0.101,1.0100517,0.028707947,0.033333333,-0.97341309,1.5135625,0.54014946
2040,0.102,1.0365081,0.026125682,0.033333333,-0.97778596,1.5532073,0.57542138
2060,0.103,0.9801113,0.022658906,0.033333333,-0.95872374,1.4686968,0.50997305
2080,0.104,0.93911418,0.026694255,0.033333333,-0.93163127,1.4072626,0.47563133
2100,0.105,1.0154021,0.02786523,0.033333333,-0.97647577,1.5215801,0.54510433
2120,0.106,1.0680609,0.026404907,0.033333333,-0.98678571,1.6004892,0.61370354
2140,0.107,1.0390798,0.028140384,0.033333333,-0.97931359,1.5570611,0.57774753
2160,0.108,0.97135526,0.027940934,0.033333333,-0.94860705,1.4555759,0.50696881
2180,0.109,0.97735736,0.028519035,0.033333333,-0.94378835,1.46457,0.52078165
2200,0.11,1.0161002,0.031161141,0.033333333,-0.93125149,1.5226261,0.59137461
2220,0.111,1.0481176,0.033785753,0.033333333,-0.97079651,1.5706042,0.59980767
2240,0.112,1.0032176,0.03269287,0.033333333,-0.96760975,1.5033216,0.53571183
2260,0.113,0.97088284,0.025738223,0.033333333,-0.9523464,1.4548679,0.50252154
2280,0.114,0.99157969,0.024243392,0.033333333,-0.93947759,1.4858822,0.54640458
2300,0.115,1.0143058,0.036054325,0.033333333,-0.93274985,1.5199372,0.58718737
2320,0.116,0.99435505,0.027082702,0.033333333,-0.93588251,1.490041,0.55415853
2340,0.117,0.96832072,0.025185303,0.033333333,-0.94946147,1.4510286,0.50156712
2360,0.118,0.97788566,0.026903144,0.033333333,-0.95546779,1.4653617,0.50989387
2380,0.119,1.006397,0.026349045,0.033333333,-0.94506734,1.5080859,0.56301853
2400,0.12,1.0083372,0.031002414,0.033333333,-0.93459852,1.5109934,0.57639485
2420,0.121,1.0007642,0.028121774,0.033333333,-0.9655949,1.4996452,0.5340503
2440,0.122,0.96673144,0.023021074,0.033333333,-0.93558434,1.4486471,0.51306272
2460,0.123,0.99222887,0.030544825,0.033333333,-0.9308034,1.486855,0.55605156
2480,0.124,1.0356046,0.028390722,0.033333333,-0.93945266,1.5518535,0.61240087
2500,0.125,1.0270767,0.028145767,0.033333333,-0.92592804,1.5390744,0.61314637
2520,0.126,0.99531595,0.026091154,0.033333333,-0.91048741,1.4914809,0.58099353
2540,0.127,1.0138383,0.027981021,0.033333333,-0.92364299,1.5192366,0.59559365
2560,0.128,1.0558532,0.031272195,0.033333333,-0.92321161,1.5821961,0.65898448
2580,0.129,1.0744936,0.02713127,0.033333333,-0.91956802,1.6101286,0.69056059
2600,0.13,1.0402297,0.0342995,0.033333333,-0.90847218,1.5587842,0.65031198
2620,0.131,1.0102639,0.035922785,0.033333333,-0.90620912,1.5138804,0.60767132
2640,0.132,1.0164982,0.030694197,0.033333333,-0.88991501,1.5232226,0.63330759
2660,0.133,1.0589859,0.031637109,0.033333333,-0.91070734,1.5868903,0.67618299
2680,0.134,1.0329391,0.03455986,0.033333333,-0.89887692,1.5478592,0.64898231
2700,0.135,0.99068222,0.026376304,0.033333333,-0.90979969,1.4845373,0.57473762
2720,0.136,0.97124726,0.024757406,0.033333333,-0.90012865,1.455414,0.55528538
2740,0.137,1.0033516,0.0206218,0.033333333,-0.90048102,1.5035224,0.60304139
2760,0.138,1.0263427,0.038842795,0.033333333,-0.91994944,1.5379745,0.61802509
2780,0.139,0.99046495,0.024053015,0.033333333,-0.92481843,1.4842117,0.5593933
2800,0.14,0.95052196,0.026761619,0.033333333,-0.90951188,1.4243572,0.51484527
2820,0.141,0.99563718,0.029217562,0.033333333,-0.93737846,1.4919623,0.55458385
2840,0.142,1.0508106,0.02483831,0.033333333,-0.9677642,1.5746397,0.60687551
2860,0.143,1.0097939,0.035327039,0.033333333,-0.93250294,1.5131761,0.5806732
2880,0.144,0.97676666,0.025233778,0.033333333,-0.94657875,1.4636848,0.51710609
2900,0.145,0.98790438,0.029916641,0.033333333,-0.95860405,1.4803747,0.52177065
2920,0.146,1.0378303,0.022602742,0.033333333,-0.97304876,1.5551887,0.58213993
2940,0.147,1.0370048,0.030197675,0.033333333,-0.96322467,1.5539518,0.59072709
2960,0.148,0.99481254,0.024033814,0.033333333,-0.9645408,1.4907266,0.52618579
2980,0.149,0.95057354,0.032279218,0.033333333,-0.9279658,1.4244345,0.49646866
3000,0.15,0.99590075,0.024836001,0.033333333,-0.94421201,1.4923573,0.54814527
3020,0.151,1.0240984,0.031463758,0.033333333,-0.94493984,1.5346114,0.5896716
3040,0.152,1.0094101,0.02849572,0.033333333,-0.96390094,1.512601,0.54870005
3060,0.153,0.95205342,0.027737808,0.033333333,-0.92866342,1.4266521,0.49798864
3080,0.154,0.97412976,0.026175177,0.033333333,-0.93137863,1.4597334,0.52835481
3100,0.155,1.0343275,0.026514942,0.033333333,-0.95853557,1.5499398,0.59140418
3120,0.156,1.0253821,0.028875459,0.033333333,-0.94580494,1.536535,0.59073008
3140,0.157,0.98088027,0.027705782,0.033333333,-0.92549262,1.4698491,0.54435646
3160,0.158,1.00552,0.030819341,0.033333333,-0.95193492,1.5067717,0.55483681
3180,0.159,1.0672593,0.032155511,0.033333333,-0.97062239,1.599288,0.62866563
3200,0.16,1.0829121,0.029883377,0.033333333,-0.95814648,1.6227438,0.66459735
3220,0.161,1.0388344,0.025952808,0.033333333,-0.93239151,1.5566934,0.6243019
3240,0.162,1.0206796,0.031679844,0.033333333,-0.93420171,1.5294884,0.5952867
3260,0.163,1.0375713,0.033989134,0.033333333,-0.92320827,1.5548006,0.63159231
3280,0.164,1.0568659,0.0272938,0.033333333,-0.91782607,1.5837136,0.66588752
3300,0.165,1.0411095,0.031942367,0.033333333,-0.92969653,1.5601025,0.63040599
3320,0.166,1.0010448,0.030370924,0.033333333,-0.92815467,1.5000657,0.57191099
3340,0.167,0.97875992,0.026778531,0.033333333,-0.89984361,1.4666717,0.56682813
3360,0.168,0.99870357,0.025663512,0.033333333,-0.90408134,1.4965573,0.59247596
3380,0.169,0.99677396,0.029415945,0.033333333,-0.9153044,1.4936658,0.57836138
3400,0.17,0.97625998,0.030381243,0.033333333,-0.93190462,1.4629256,0.53102097
3420,0.171,0.98373564,0.027939346,0.033333333,-0.95948699,1.4741278,0.51464086
3440,0.172,0.98428042,0.029424894,0.033333333,-0.93296901,1.4749442,0.5419752
3460,0.173,0.98644132,0.029416966,0.033333333,-0.9224085,1.4781823,0.55577382
3480,0.174,0.98599802,0.02684947,0.033333333,-0.94649945,1.477518,0.53101858
3500,0.175,0.97629291,0.034529615,0.033333333,-0.9513682,1.4629749,0.51160672
3520,0.176,0.97758956,0.019389649,0.033333333,-0.93555285,1.464918,0.5293651
3540,0.177,1.0028683,0.027025138,0.033333333,-0.94890995,1.5027981,0.55388818
3560,0.178,1.0077733,0.023555525,0.033333333,-0.96165596,1.5101483,0.54849236
3580,0.179,0.99003515,0.027305388,0.033333333,-0.95050187,1.4835677,0.5330658
3600,0.18,0.99425014,0.033169576,0.033333333,-0.95006938,1.4898838,0.53981445
3620,0.181,1.0160891,0.029377342,0.033333333,-0.96149482,1.5226095,0.56111464
3640,0.182,1.0151627,0.033924303,0.033333333,-0.95489243,1.5212213,0.56632883
3660,0.183,0.98247257,0.022092255,0.033333333,-0.9175326,1.4722351,0.55470255
3680,0.184,0.98572451,0.021437253,0.033333333,-0.92533828,1.4771082,0.55176989
3700,0.185,0.99570038,0.031079177,0.033333333,-0.92710254,1.492057,0.56495448
3720,0.186,0.99117947,0.029062208,0.033333333,-0.90907781,1.4852824,0.57620463
3740,0.187,1.0203364,0.030781449,0.033333333,-0.95305266,1.5289741,0.57592139
3760,0.188,1.0012459,0.028940263,0.033333333,-0.92280877,1.500367,0.57755823
3780,0.189,1.0086572,0.025707912,0.033333333,-0.92330634,1.5114729,0.58816652
3800,0.19,1.0251287,0.031299343,0.033333333,-0.93322515,1.5361553,0.60293015
3820,0.191,1.0293279,0.025617908,0.033333333,-0.92110057,1.5424479,0.62134733
3840,0.192,1.0252218,0.031048126,0.033333333,-0.89467058,1.5362949,0.64162433
3860,0.193,1.044449,0.025605132,0.033333333,-0.90447253,1.5651069,0.66063435
3880,0.194,1.0511599,0.030510595,0.033333333,-0.90103867,1.5751631,0.67412445
3900,0.195,1.0737118,0.030397877,0.033333333,-0.92419412,1.6089572,0.68476304
3920,0.196,1.0704027,0.025542991,0.033333333,-0.91061093,1.6039984,0.6933875
3940,0.197,1.0589812,0.031716409,0.033333333,-0.89503591,1.5868833,0.69184737
3960,0.198,1.017429,0.027946904,0.033333333,-0.8495706,1.5246174,0.67504683
3980,0.199,1.0300585,0.027983539,0.033333333,-0.88810576,1.5435426,0.65543686
4000,0.2,1.038602,0.025605396,0.033333333,-0.91073552,1.556345,0.64560951
4020,0.201,1.0251022,0.033512412,0.033333333,-0.89883301,1.5361157,0.63728265
4040,0.202,1.0117878,0.028644882,0.033333333,-0.9005781,1.516164,0.61558593
4060,0.203,0.9963343,0.029728245,0.033333333,-0.90136455,1.493007,0.5916424
4080,0.204,1.002547,0.022681923,0.033333333,-0.91976595,1.5023167,0.58255078
4100,0.205,1.009582,0.031320199,0.033333333,-0.9249219,1.5128587,0.58793679
4120,0.206,0.99218012,0.028617148,0.033333333,-0.90250374,1.4867819,0.58427817
4140,0.207,0.97921547,0.030259484,0.033333333,-0.90229391,1.4673544,0.56506047
4160,0.208,0.98330996,0.027123912,0.033333333,-0.91618193,1.47349,0.55730806
4180,0.209,0.99631772,0.031774732,0.033333333,-0.92541735,1.4929821,0.56756475
4200,0.21,1.0020759,0.028219802,0.033333333,-0.92402302,1.5016107,0.5775877
4220,0.211,0.98924863,0.031398609,0.033333333,-0.91326403,1.4823891,0.56912504
4240,0.212,0.9866082,0.030156494,0.033333333,-0.92212103,1.4784324,0.55631136
4260,0.213,0.97961821,0.025882097,0.033333333,-0.90473998,1.4679579,0.5632179
4280,0.214,0.98102056,0.025623103,0.033333333,-0.88791676,1.4700593,0.58214255
4300,0.215,0.99734083,0.033766462,0.033333333,-0.90614977,1.4945152,0.58836546
4320,0.216,1.0067042,0.030332715,0.033333333,-0.92783825,1.5085462,0.58070797
4340,0.217,1.0123463,0.029010556,0.033333333,-0.93003891,1.5170009,0.58696196
4360,0.218,1.0193436,0.026623321,0.033333333,-0.91511057,1.5274864,0.61237578
4380,0.219,1.0238405,0.032637762,0.033333333,-0.89959452,1.534225,0.63463047
4400,0.22,1.0278583,0.027496147,0.033333333,-0.90443852,1.5402457,0.63580716
4420,0.221,1.0259892,0.030315119,0.033333333,-0.90243473,1.5374448,0.63501009
4440,0.222,1.0403113,0.028651618,0.033333333,-0.90663361,1.5589065,0.65227287
4460,0.223,1.0665739,0.032251559,0.033333333,-0.91688313,1.598261,0.68137784
4480,0.224,1.0606549,0.031081543,0.033333333,-0.90367129,1.5893914,0.68572014
4500,0.225,1.0411653,0.028761251,0.033333333,-0.89120443,1.5601862,0.66898173
4520,0.226,1.0339464,0.026636255,0.033333333,-0.89118072,1.5493687,0.65818794
4540,0.227,1.0442305,0.031220566,0.033333333,-0.90258129,1.5647794,0.66219814
4560,0.228,1.0158536,0.03050863,0.033333333,-0.86640601,1.5222566,0.65585061
4580,0.229,1.0007988,0.029939993,0.033333333,-0.87998197,1.499697,0.61971508
4600,0.23,1.0057844,0.023858876,0.033333333,-0.92648505,1.5071679,0.58068288
4620,0.231,1.01656,0.027470526,0.033333333,-0.9549174,1.5233151,0.56839774
4640,0.232,0.9839999,0.027473103,0.033333333,-0.90076849,1.4745238,0.57375536
4660,0.233,0.98824407,0.027572818,0.033333333,-0.9166149,1.4808837,0.56426884
4680,0.234,0.97845584,0.034913584,0.033333333,-0.92674525,1.4662161,0.53947084
4700,0.235,0.98414369,0.027683893,0.033333333,-0.9443325,1.4747393,0.53040683
4720,0.236,0.96805723,0.026082584,0.033333333,-0.90087622,1.4506338,0.54975754
4740,0.237,0.99056253,0.029903193,0.033333333,-0.9219344,1.484358,0.56242355
4760,0.238,0.98805414,0.022924109,0.033333333,-0.93080696,1.4805991,0.54979217
4780,0.239,0.98575359,0.028917918,0.033333333,-0.94010247,1.4771517,0.53704927
4800,0.24,0.98044919,0.028090412,0.033333333,-0.91273655,1.4692031,0.55646657
4820,0.241,1.0028594,0.024516748,0.033333333,-0.91546462,1.5027848,0.58732018
4840,0.242,1.0155952,0.033106001,0.033333333,-0.93032722,1.5218693,0.59154211
4860,0.243,1.0041465,0.025418038,0.033333333,-0.92824572,1.5047136,0.57646784
4880,0.244,1.0142974,0.026159199,0.033333333,-0.93514543,1.5199247,0.58477924
4900,0.245,1.0388019,0.032932584,0.033333333,-0.93815415,1.5566447,0.6184905
4920,0.246,1.0415142,0.028268295,0.033333333,-0.93032651,1.5607091,0.63038257
4940,0.247,1.0097141,0.031458515,0.033333333,-0.90373492,1.5130565,0.60932159
4960,0.248,0.99697427,0.032414735,0.033333333,-0.89987407,1.4939659,0.59409187
4980,0.249,1.0046443,0.02673693,0.033333333,-0.89074946,1.5054595,0.61471003
5000,0.25,1.0181454,0.029001158,0.033333333,-0.89007225,1.5256909,0.63561861
5020,0.251,1.009884,0.030273499,0.033333333,-0.8956609,1.5133111,0.61765021
5040,0.252,1.0149857,0.023093558,0.033333333,-0.9344726,1.5209561,0.58648348
5060,0.253,1.0041452,0.026488063,0.033333333,-0.91689761,1.5047116,0.58781396
5080,0.254,1.0262236,0.02886265,0.033333333,-0.93256552,1.537796,0.60523052
5100,0.255,1.0261611,0.026547248,0.033333333,-0.94838351,1.5377024,0.58931892
5120,0.256,0.97180202,0.033633265,0.033333333,-0.9128952,1.4562453,0.54335013
5140,0.257,0.96331203,0.031404448,0.033333333,-0.92114597,1.4435231,0.52237711
5160,0.258,0.9742162,0.030093715,0.033333333,-0.9207757,1.459863,0.53908727
5180,0.259,0.97804354,0.028375348,0.033333333,-0.92314713,1.4655982,0.54245111
5200,0.26,0.95487352,0.030369303,0.033333333,-0.91862429,1.430878,0.51225368
5220,0.261,0.95144825,0.031430233,0.033333333,-0.93294722,1.4257452,0.49279799
5240,0.262,0.95690503,0.026438372,0.033333333,-0.92033829,1.4339222,0.5135839
5260,0.263,0.97279611,0.030201155,0.033333333,-0.91455203,1.457735,0.54318294
5280,0.264,0.97662274,0.028452062,0.033333333,-0.92485268,1.4634692,0.5386165
5300,0.265,0.94487927,0.027359523,0.033333333,-0.89124232,1.4159016,0.52465928
5320,0.266,0.96341552,0.028662752,0.033333333,-0.89385566,1.4436782,0.54982249
5340,0.267,1.0023083,0.025441353,0.033333333,-0.90206125,1.5019589,0.59989767
5360,0.268,1.0235933,0.036316738,0.033333333,-0.91854873,1.5338545,0.61530578
5380,0.269,1.0195352,0.022914518,0.033333333,-0.93122766,1.5277736,0.5965459
5400,0.27,0.99502464,0.02851128,0.033333333,-0.89379672,1.4910444,0.59724771
5420,0.271,1.0322823,0.030767419,0.033333333,-0.9167995,1.546875,0.63007548
5440,0.272,1.0248902,0.02487159,0.033333333,-0.89210066,1.535798,0.64369735
5460,0.273,0.9990782,0.034744626,0.033333333,-0.87992805,1.4971187,0.61719064
5480,0.274,0.97768623,0.024805118,0.033333333,-0.86444086,1.4650628,0.60062196
5500,0.275,1.0028027,0.033412017,0.033333333,-0.87897723,1.5026998,0.62372258
5520,0.276,1.0279239,0.02801879,0.033333333,-0.89400371,1.5403439,0.64634023
5540,0.277,1.0083443,0.028969033,0.033333333,-0.88272486,1.5110039,0.62827908
5560,0.278,1.0025363,0.028224099,0.033333333,-0.90372585,1.5023006,0.59857476
5580,0.279,0.99619797,0.031493948,0.033333333,-0.888,1.4928027,0.60480266
5600,0.28,1.0247769,0.031602073,0.033333333,-0.91068565,1.5356282,0.62494256
5620,0.281,0.99669098,0.029547164,0.033333333,-0.88142899,1.4935414,0.61211245
5640,0.282,0.9716206,0.021129343,0.033333333,-0.87915706,1.4559735,0.57681641
5660,0.283,0.98433917,0.032032529,0.033333333,-0.91140759,1.4750323,0.56362466
5680,0.284,0.98777425,0.028507352,0.033333333,-0.90389091,1.4801797,0.5762888
5700,0.285,0.97835096,0.029569925,0.033333333,-0.89518799,1.4660589,0.57087092
5720,0.286,0.9485232,0.026713829,0.033333333,-0.88568379,1.421362,0.53567823
5740,0.287,0.92569337,0.030081859,0.033333333,-0.87459353,1.3871515,0.51255798
5760,0.288,0.933654,0.027736504,0.033333333,-0.87228915,1.3990805,0.52679136
5780,0.289,0.95086009,0.027455694,0.033333333,-0.88535293,1.4248638,0.53951091
5800,0.29,0.94819499,0.026567484,0.033333333,-0.89161303,1.4208702,0.52925716
5820,0.291,0.94894935,0.025170256,0.033333333,-0.89762815,1.4220006,0.52437245
5840,0.292,0.95592773,0.026367658,0.033333333,-0.87291035,1.4324577,0.55954735
5860,0.293,0.99599776,0.032517927,0.033333333,-0.88647027,1.4925026,0.60603237
5880,0.294,1.000315,0.02893646,0.033333333,-0.87802128,1.4989721,0.6209508
5900,0.295,0.98592181,0.032705931,0.033333333,-0.86148434,1.4774038,0.61591949
5920,0.296,0.98690881,0.02635924,0.033333333,-0.84704988,1.4788828,0.63183297
5940,0.297,1.0188127,0.029485924,0.033333333,-0.86590818,1.5266908,0.66078265
5960,0.298,1.0208823,0.027182614,0.033333333,-0.86410683,1.5297921,0.6656853
5980,0.299,1.0102421,0.033630627,0.033333333,-0.86675313,1.5138477,0.6470946
6000,0.3,1.0059028,0.030607702,0.033333333,-0.86199676,1.5073453,0.64534852
6020,0.301,1.0242319,0.02973024,0.033333333,-0.87118201,1.5348115,0.66362947
6040,0.302,1.0121224,0.031657806,0.033333333,-0.84901799,1.5166654,0.6676474
6060,0.303,0.99762775,0.031583054,0.033333333,-0.85141244,1.4949452,0.64353274
6080,0.304,0.99036746,0.026657974,0.033333333,-0.85629444,1.4840656,0.6277712
6100,0.305,0.9931052,0.02741553,0.033333333,-0.84735428,1.4881681,0.64081385
6120,0.306,1.0002652,0.031447075,0.033333333,-0.84764965,1.4988974,0.65124771
6140,0.307,1.0101407,0.031507511,0.033333333,-0.8840085,1.5136958,0.6296873
6160,0.308,1.0022812,0.02961464,0.033333333,-0.89753186,1.5019184,0.6043865
6180,0.309,0.9891406,0.028246745,0.033333333,-0.87445452,1.4822272,0.60777267
6200,0.31,0.99869169,0.028271242,0.033333333,-0.87637371,1.4965395,0.62016579
6220,0.311,0.99500777,0.034422457,0.033333333,-0.88695044,1.4910191,0.60406871
6240,0.312,0.9725856,0.025238324,0.033333333,-0.88546511,1.4574195,0.57195441
6260,0.313,0.96880986,0.024505208,0.033333333,-0.88465204,1.4517616,0.56710954
6280,0.314,0.97126888,0.027626639,0.033333333,-0.86999828,1.4554464,0.58544813
6300,0.315,0.97668983,0.029004184,0.033333333,-0.87964778,1.4635697,0.58392193
6320,0.316,0.96340943,0.028470359,0.033333333,-0.88455384,1.443669,0.55911519
6340,0.317,0.97805138,0.030418334,0.033333333,-0.91382841,1.46561,0.55178158
6360,0.318,1.008992,0.026438022,0.033333333,-0.93709857,1.5119745,0.57487596
6380,0.319,1.0055625,0.028176926,0.033333333,-0.9134598,1.5068354,0.59337565
6400,0.32,0.9886131,0.026168236,0.033333333,-0.89892282,1.4814367,0.58251391
6420,0.321,0.97473719,0.029182562,0.033333333,-0.8834212,1.4606437,0.57722248
6440,0.322,1.0019144,0.030590915,0.033333333,-0.89491914,1.5013687,0.60644955
6460,0.323,1.042265,0.033313298,0.033333333,-0.91863622,1.5618341,0.64319791
6480,0.324,1.0406467,0.032357701,0.033333333,-0.91046982,1.5594091,0.64893929
6500,0.325,1.0143161,0.025526369,0.033333333,-0.88521791,1.5199527,0.63473478
6520,0.326,1.0450284,0.026884078,0.033333333,-0.92331181,1.5659751,0.64266331
6540,0.327,1.0589466,0.033805046,0.033333333,-0.91817534,1.5868315,0.66865613
6560,0.328,1.0676667,0.026281431,0.033333333,-0.93051287,1.5998986,0.66938569
6580,0.329,1.0314626,0.03116765,0.033333333,-0.9098376,1.5456466,0.63580904
6600,0.33,1.0093996,0.028449385,0.033333333,-0.90019561,1.5125852,0.61238963
6620,0.331,1.0201949,0.030378867,0.033333333,-0.91285145,1.5287621,0.61591064
6640,0.332,1.017041,0.028573838,0.033333333,-0.91175258,1.524036,0.6122834
6660,0.333,0.99087134,0.025647407,0.033333333,-0.90473526,1.4848207,0.58008545
6680,0.334,0.97206033,0.027239442,0.033333333,-0.90425773,1.4566324,0.55237468
6700,0.335,0.97818324,0.032681413,0.033333333,-0.9092519,1.4658076,0.55655569
6720,0.336,0.97239408,0.029147892,0.033333333,-0.88356034,1.4571325,0.57357219
6740,0.337,0.9577403,0.023759148,0.033333333,-0.86520325,1.4351738,0.56997059
6760,0.338,0.94896228,0.031451135,0.033333333,-0.8679718,1.42202,0.55404818
6780,0.339,0.96102424,0.026102563,0.033333333,-0.8776075,1.4400948,0.56248733
6800,0.34,0.98856105,0.027217184,0.033333333,-0.8884547,1.4813587,0.59290404
6820,0.341,0.99939522,0.030250332,0.033333333,-0.89044383,1.4975937,0.6071499
6840,0.342,0.99544348,0.027081544,0.033333333,-0.89410453,1.4916721,0.59756753
6860,0.343,0.96702369,0.020500734,0.033333333,-0.85388712,1.449085,0.59519789
6880,0.344,0.99129713,0.028710122,0.033333333,-0.86327002,1.4854587,0.62218873
6900,0.345,1.0152599,0.033204126,0.033333333,-0.87493276,1.5213669,0.64643415
6920,0.346,1.0066774,0.026830175,0.033333333,-0.86900704,1.5085061,0.63949903
6940,0.347,1.0017057,0.030413815,0.033333333,-0.87480896,1.5010559,0.62624696
6960,0.348,1.0116548,0.028623479,0.033333333,-0.87787022,1.5159647,0.63809444
6980,0.349,1.0246795,0.02759465,0.033333333,-0.87510886,1.5354822,0.66037335
7000,0.35,1.0328128,0.032757425,0.033333333,-0.89105231,1.54767,0.65661768
7020,0.351,1.0141963,0.023927984,0.033333333,-0.88794284,1.5197732,0.63183031
7040,0.352,1.0175044,0.024702153,0.033333333,-0.90101039,1.5247303,0.62371994
7060,0.353,1.0180362,0.028424174,0.033333333,-0.88911123,1.5255273,0.63641603
7080,0.354,1.0050833,0.028677415,0.033333333,-0.87063185,1.5061173,0.63548546
7100,0.355,0.99826556,0.028372333,0.033333333,-0.88648071,1.4959009,0.60942023
7120,0.356,0.99088532,0.031457978,0.033333333,-0.90040606,1.4848417,0.58443559
7140,0.357,0.97638625,0.02571979,0.033333333,-0.87654974,1.4631148,0.58656505
7160,0.358,0.97277016,0.030489343,0.033333333,-0.86888945,1.4576961,0.58880663
7180,0.359,0.96692289,0.032616899,0.033333333,-0.87976217,1.448934,0.56917178
7200,0.36,0.95025942,0.025702957,0.033333333,-0.88460968,1.4239637,0.53935406
7220,0.361,0.95455071,0.030815352,0.033333333,-0.90048137,1.4303942,0.52991287
7240,0.362,0.95312282,0.024819257,0.033333333,-0.89727512,1.4282545,0.53097942
7260,0.363,0.95094582,0.027177594,0.033333333,-0.90710995,1.4249923,0.51788237
7280,0.364,0.93088598,0.02657011,0.033333333,-0.90558511,1.3949326,0.48934753
7300,0.365,0.93257621,0.023500636,0.033333333,-0.92051934,1.3974654,0.4769461
7320,0.366,0.9435682,0.026573297,0.033333333,-0.92648462,1.4139369,0.48745233
7340,0.367,0.93949524,0.029230956,0.033333333,-0.91139698,1.4078336,0.49643664
7360,0.368,0.95239107,0.02676305,0.033333333,-0.93185338,1.427158,0.49530463
7380,0.369,0.93412424,0.027077527,0.033333333,-0.89397344,1.3997852,0.50581174
7400,0.37,0.95272394,0.025361447,0.033333333,-0.88799553,1.4276568,0.5396613
7420,0.371,0.98157603,0.031021368,0.033333333,-0.89745737,1.4708917,0.57343432
7440,0.372,0.98467927,0.027511585,0.033333333,-0.88927121,1.4755419,0.58627067
7460,0.373,0.98468862,0.028602378,0.033333333,-0.88606063,1.4755559,0.58949526
7480,0.374,0.98448116,0.030177168,0.033333333,-0.87156867,1.475245,0.60367635
7500,0.375,1.0003914,0.028751309,0.033333333,-0.87539313,1.4990865,0.62369336
7520,0.376,1.0214961,0.023557829,0.033333333,-0.89942217,1.5307119,0.63128975
7540,0.377,1.011182,0.031477885,0.033333333,-0.88642687,1.5152562,0.62882929
7560,0.378,1.0100398,0.031206287,0.033333333,-0.88004413,1.5135447,0.63350053
7580,0.379,1.0199071,0.029835508,0.033333333,-0.88248924,1.5283308,0.64584154
7600,0.38,1.0360378,0.024543098,0.033333333,-0.90324575,1.5525027,0.64925696
7620,0.381,1.0244224,0.03475839,0.033333333,-0.89433218,1.535097,0.64076486
7640,0.382,1.0117382,0.030524178,0.033333333,-0.88090047,1.5160897,0.6351892
7660,0.383,1.0052276,0.026688088,0.033333333,-0.86874081,1.5063336,0.63759281
7680,0.384,0.99330521,0.026950977,0.033333333,-0.85274642,1.4884679,0.63572144
7700,0.385,0.99509307,0.02751021,0.033333333,-0.86779616,1.491147,0.6233508
7720,0.386,1.0058588,0.023487542,0.033333333,-0.89391822,1.5072795,0.61336125
7740,0.387,0.9873075,0.023112252,0.033333333,-0.86507104,1.4794803,0.61440924
7760,0.388,0.9855023,0.033115267,0.033333333,-0.8655241,1.4767752,0.6112511
7780,0.389,0.9824778,0.030685518,0.033333333,-0.87397759,1.472243,0.59826539
7800,0.39,0.98467778,0.028300464,0.033333333,-0.88842315,1.4755397,0.5871165
7820,0.391,0.9929321,0.029679668,0.033333333,-0.89997627,1.4879087,0.58793248
7840,0.392,0.99032313,0.031419406,0.033333333,-0.89517733,1.4839992,0.58882188
7860,0.393,0.99338587,0.026168509,0.033333333,-0.91063556,1.4885887,0.57795316
7880,0.394,0.98897372,0.025699195,0.033333333,-0.91494532,1.4819771,0.56703179
7900,0.395,0.97198929,0.026750663,0.033333333,-0.88876831,1.456526,0.56775764
7920,0.396,0.96827116,0.026685566,0.033333333,-0.87654805,1.4509543,0.57440629
7940,0.397,0.98446649,0.026619297,0.033333333,-0.90528659,1.475223,0.56993645
7960,0.398,0.98386504,0.027651089,0.033333333,-0.91160315,1.4743218,0.56271862
7980,0.399,0.99116913,0.026196569,0.033333333,-0.91491878,1.4852669,0.57034815
8000,0.4,0.99141077,0.027830284,0.033333333,-0.89653366,1.485629,0.58909537
8020,0.401,0.99981768,0.027528884,0.033333333,-0.89874419,1.4982268,0.59948261
8040,0.402,0.99881446,0.029469323,0.033333333,-0.8950697,1.4967235,0.60165376
8060,0.403,1.0285424,0.027360442,0.033333333,-0.92836122,1.5412708,0.6129096
8080,0.404,1.0354909,0.029726903,0.033333333,-0.91575792,1.5516831,0.63592513
8100,0.405,1.0346393,0.030635928,0.033333333,-0.89927881,1.5504069,0.65112812
8120,0.406,1.0180033,0.030477668,0.033333333,-0.87911732,1.5254779,0.64636056
8140,0.407,1.0124688,0.028706819,0.033333333,-0.87662405,1.5171845,0.64056045
8160,0.408,1.0098725,0.026114247,0.033333333,-0.86116899,1.5132939,0.65212493
8180,0.409,1.0329671,0.032408922,0.033333333,-0.8827413,1.5479012,0.66515993
8200,0.41,1.0387985,0.028375247,0.033333333,-0.89974913,1.5566395,0.65689039
8220,0.411,1.0116992,0.026964599,0.033333333,-0.87717456,1.5160312,0.63885667
8240,0.412,1.0050445,0.031194013,0.033333333,-0.87509336,1.5060592,0.63096586
8260,0.413,0.99016312,0.028714448,0.033333333,-0.85249081,1.4837594,0.63126863
8280,0.414,1.0149136,0.028097948,0.033333333,-0.90458821,1.520848,0.6162598
8300,0.415,1.0048343,0.027646981,0.033333333,-0.92095351,1.5057441,0.58479061
8320,0.416,0.96625342,0.028790656,0.033333333,-0.88581335,1.4479307,0.5621174
8340,0.417,0.95790485,0.027885565,0.033333333,-0.8750726,1.4354204,0.56034781
8360,0.418,0.96522134,0.026112202,0.033333333,-0.88868178,1.4463842,0.5577024
8380,0.419,0.95928157,0.03026142,0.033333333,-0.89373722,1.4374834,0.54374621
8400,0.42,0.95091635,0.019685542,0.033333333,-0.88928779,1.4249481,0.53566035
8420,0.421,0.9536428,0.026798161,0.033333333,-0.88015393,1.4290337,0.54887981
8440,0.422,0.96017018,0.032434736,0.033333333,-0.86998463,1.438815,0.56883039
8460,0.423,0.9785014,0.024725741,0.033333333,-0.89222761,1.4662843,0.57405674
8480,0.424,0.96363023,0.029589571,0.033333333,-0.87026087,1.4439999,0.57373903
8500,0.425,0.96170509,0.032908892,0.033333333,-0.85376619,1.4411151,0.58734888
8520,0.426,0.99419794,0.027746861,0.033333333,-0.87832952,1.4898056,0.61147609
8540,0.427,1.0126542,0.029304658,0.033333333,-0.89622048,1.5174623,0.62124181
8560,0.428,1.0096581,0.027802658,0.033333333,-0.89905569,1.5129726,0.61391696
8580,0.429,1.0141541,0.028751199,0.033333333,-0.90866375,1.5197099,0.61104618
8600,0.43,1.0161148,0.029099491,0.033333333,-0.89916089,1.522648,0.6234871
8620,0.431,1.0183375,0.028821033,0.033333333,-0.89413518,1.5259788,0.63184359
8640,0.432,1.006719,0.033024503,0.033333333,-0.8860832,1.5085683,0.62248515
8660,0.433,1.0031312,0.034427374,0.033333333,-0.89373232,1.5031922,0.60945984
8680,0.434,0.98206505,0.032653138,0.033333333,-0.85891373,1.4716245,0.61271074
8700,0.435,0.99850819,0.027948401,0.033333333,-0.87367294,1.4962645,0.62259158
8720,0.436,0.98521753,0.030084831,0.033333333,-0.85707408,1.4763485,0.61927439
8740,0.437,0.98043191,0.029056744,0.033333333,-0.86292198,1.4691772,0.60625524
8760,0.438,0.97360542,0.031443285,0.033333333,-0.85475653,1.4589477,0.60419119
8780,0.439,1.0065391,0.029099062,0.033333333,-0.89186631,1.5082988,0.61643248
8800,0.44,1.0084742,0.028299169,0.033333333,-0.88682767,1.5111985,0.62437088
8820,0.441,0.99773182,0.026177395,0.033333333,-0.87834004,1.4951011,0.61676109
8840,0.442,0.99203675,0.02516474,0.033333333,-0.87453149,1.4865671,0.61203559
8860,0.443,1.017289,0.033237781,0.033333333,-0.90019074,1.5244076,0.62421682
8880,0.444,1.0312835,0.025716637,0.033333333,-0.90586771,1.5453783,0.63951061
8900,0.445,1.0356328,0.024390755,0.033333333,-0.91153443,1.5518958,0.64036138
8920,0.446,1.0140128,0.029333956,0.033333333,-0.88623943,1.5194982,0.63325872
8940,0.447,1.0391586,0.037085193,0.033333333,-0.92313163,1.5571792,0.63404759
8960,0.448,1.0339313,0.032299764,0.033333333,-0.9067063,1.5493461,0.64263977
8980,0.449,1.0143026,0.026581045,0.033333333,-0.87953235,1.5199325,0.64040014
9000,0.45,1.0261076,0.02502492,0.033333333,-0.91701056,1.5376222,0.62061169
9020,0.451,1.0124873,0.029536209,0.033333333,-0.91620625,1.5172122,0.60100595
9040,0.452,1.0010402,0.028651261,0.033333333,-0.90568172,1.5000587,0.59437701
9060,0.453,0.98758132,0.028597843,0.033333333,-0.89130247,1.4798906,0.58858814
9080,0.454,0.98323573,0.028977837,0.033333333,-0.90169135,1.4733787,0.5716874
9100,0.455,0.96922851,0.033407453,0.033333333,-0.90215244,1.4523889,0.55023648
9120,0.456,0.97159154,0.024611715,0.033333333,-0.9098922,1.4559299,0.54603773
9140,0.457,0.98097846,0.029838286,0.033333333,-0.91516483,1.4699962,0.55483139
9160,0.458,0.98913574,0.028837211,0.033333333,-0.92829054,1.4822199,0.55392937
9180,0.459,0.98390205,0.02577391,0.033333333,-0.93172478,1.4743772,0.54265244
9200,0.46,0.97929564,0.022871357,0.033333333,-0.92878555,1.4674745,0.53868896
9220,0.461,0.986296,0.033873025,0.033333333,-0.92403227,1.4779646,0.55393229
9240,0.462,0.98381416,0.028322792,0.033333333,-0.90631479,1.4742455,0.56793073
9260,0.463,0.99275208,0.025334247,0.033333333,-0.91826589,1.487639,0.56937309
9280,0.464,1.0059725,0.028167265,0.033333333,-0.93438128,1.5074497,0.57306846
9300,0.465,1.0143959,0.025561875,0.033333333,-0.92264494,1.5200722,0.59742727
9320,0.466,1.0189904,0.030373015,0.033333333,-0.89744602,1.5269571,0.62951112
9340,0.467,1.0233763,0.027563949,0.033333333,-0.88884472,1.5335294,0.64468465
9360,0.468,1.0239222,0.029970928,0.033333333,-0.89034151,1.5343474,0.64400593
9380,0.469,1.0338259,0.03578425,0.033333333,-0.89433967,1.5491881,0.65484843
9400,0.47,1.0723971,0.025452781,0.033333333,-0.93224097,1.606987,0.67474604
9420,0.471,1.0694478,0.036444024,0.033333333,-0.92638161,1.6025676,0.67618599
9440,0.472,1.0324133,0.030107276,0.033333333,-0.89346563,1.5470713,0.65360571
9460,0.473,1.0231513,0.02394544,0.033333333,-0.89578427,1.5331922,0.63740794
9480,0.474,1.0185754,0.028832132,0.033333333,-0.88317162,1.5263353,0.64316367
9500,0.475,1.0210169,0.037638272,0.033333333,-0.88451027,1.5299938,0.6454835
9520,0.476,1.0122788,0.023628406,0.033333333,-0.89210949,1.5168997,0.62479025
9540,0.477,0.98621644,0.032847557,0.033333333,-0.87328539,1.4778453,0.60455995
9560,0.478,0.99978594,0.025559401,0.033333333,-0.8882157,1.4981792,0.60996353
9580,0.479,1.0104194,0.030611188,0.033333333,-0.89030897,1.5141135,0.62380452
9600,0.48,1.0136076,0.033778045,0.033333333,-0.90668318,1.518891,0.61220781
9620,0.481,1.005848,0.03212414,0.033333333,-0.91960138,1.5072633,0.58766188
9640,0.482,1.00544,0.029587231,0.033333333,-0.92177108,1.5066519,0.58488081
9660,0.483,1.006723,0.032275116,0.033333333,-0.91042326,1.5085744,0.59815117
9680,0.484,1.0102114,0.033938323,0.033333333,-0.92099347,1.5138018,0.59280835
9700,0.485,1.0095649,0.025688726,0.033333333,-0.94867073,1.5128329,0.56416221
9720,0.486,0.98909571,0.028271624,0.033333333,-0.93541273,1.4821599,0.54674719
9740,0.487,0.99605462,0.030034939,0.033333333,-0.93516836,1.4925878,0.55741949
9760,0.488,0.98380244,0.02530776,0.033333333,-0.91105192,1.474228,0.56317604
9780,0.489,0.96318991,0.026812794,0.033333333,-0.90244416,1.4433401,0.54089592
9800,0.49,0.95451109,0.026078031,0.033333333,-0.90873053,1.4303349,0.52160434
9820,0.491,0.97353923,0.026739532,0.033333333,-0.92428262,1.4588485,0.53456591
9840,0.492,0.9956596,0.033622497,0.033333333,-0.9324704,1.4919959,0.55952551
9860,0.493,1.0200997,0.031095122,0.033333333,-0.97126042,1.5286194,0.55735897
9880,0.494,1.0037328,0.029579884,0.033333333,-0.96406544,1.5040936,0.5400282
9900,0.495,0.99758264,0.026117728,0.033333333,-0.94539261,1.4948776,0.54948498
9920,0.496,1.0132347,0.026904654,0.033333333,-0.93177361,1.5183323,0.58655866
9940,0.497,1.0186977,0.025271436,0.033333333,-0.91720424,1.5265185,0.60931425
9960,0.498,1.0299624,0.037199869,0.033333333,-0.93895977,1.5433987,0.6044389
9980,0.499,1.0196506,0.022253393,0.033333333,-0.91558879,1.5279464,0.61235765
10000,0.5,1.0547143,0.041649455,0.033333333,-0.93211272,1.5804894,0.64837664
10020,0.501,1.0571981,0.024742702,0.033333333,-0.9092268,1.5842113,0.67498452
10040,0.502,1.0274614,0.027260317,0.033333333,-0.88095377,1.5396509,0.65869708
10060,0.503,1.0099422,0.027726775,0.033333333,-0.87675405,1.5133984,0.63664431
10080,0.504,1.0162377,0.036851238,0.033333333,-0.87446064,1.5228322,0.64837158
10100,0.505,1.0360145,0.027267678,0.033333333,-0.88473682,1.5524678,0.66773096
10120,0.506,1.0253964,0.025746934,0.033333333,-0.88325189,1.5365565,0.65330459
10140,0.507,1.004814,0.035901412,0.033333333,-0.89038562,1.5057137,0.61532811
10160,0.508,0.995,0.026433073,0.033333333,-0.88636834,1.4910075,0.60463916
10180,0.509,0.98555299,0.029269011,0.033333333,-0.85731864,1.4768512,0.61953252
10200,0.51,0.9843213,0.030889256,0.033333333,-0.86375087,1.4750055,0.6112546
10220,0.511,0.9631868,0.026374781,0.033333333,-0.86995082,1.4433354,0.5733846
10240,0.512,0.958654,0.030074182,0.033333333,-0.88383636,1.436543,0.55270666
10260,0.513,0.97909,0.028238699,0.033333333,-0.89575839,1.4671664,0.57140797
10280,0.514,0.97262743,0.033214732,0.033333333,-0.87206563,1.4574822,0.58541658
10300,0.515,0.96799317,0.024864377,0.033333333,-0.88665817,1.4505378,0.5638796
10320,0.516,0.96808224,0.023928208,0.033333333,-0.90852143,1.4506712,0.54214981
10340,0.517,0.97501538,0.022538237,0.033333333,-0.89733846,1.4610605,0.56372209
10360,0.518,1.0152747,0.027428573,0.033333333,-0.91564148,1.5213892,0.60574773
10380,0.519,1.0300974,0.031329773,0.033333333,-0.92222339,1.543601,0.62137758
10400,0.52,1.0048792,0.029894416,0.033333333,-0.88767977,1.5058115,0.61813172
10420,0.521,1.0072225,0.026186584,0.033333333,-0.86744261,1.509323,0.64188037
10440,0.522,1.0482891,0.035789534,0.033333333,-0.88083565,1.5708613,0.69002564
10460,0.523,1.0672546,0.031376662,0.033333333,-0.89097737,1.599281,0.7083036
10480,0.524,1.0182412,0.025190849,0.033333333,-0.84441406,1.5258344,0.68142031
10500,0.525,1.0094678,0.031008246,0.033333333,-0.84938262,1.5126875,0.66330486
10520,0.526,1.0371577,0.025627769,0.033333333,-0.86947029,1.5541808,0.68471054
10540,0.527,1.0560018,0.031529991,0.033333333,-0.88058987,1.5824188,0.70182888
10560,0.528,1.0306713,0.028771832,0.033333333,-0.87415943,1.544461,0.67030156
10580,0.529,1.0060013,0.029147236,0.033333333,-0.88023822,1.5074929,0.62725471
10600,0.53,1.0135127,0.026987271,0.033333333,-0.89528342,1.5187488,0.62346537
10620,0.531,1.0256266,0.034859607,0.033333333,-0.89628854,1.5369015,0.64061294
10640,0.532,1.0023579,0.025909338,0.033333333,-0.87753513,1.5020333,0.6244982
10660,0.533,0.99903769,0.028728897,0.033333333,-0.91682389,1.497058,0.58023408
10680,0.534,0.98688431,0.025896871,0.033333333,-0.9130639,1.4788461,0.56578224
10700,0.535,1.0008342,0.028503582,0.033333333,-0.90772162,1.49975,0.5920284
10720,0.536,0.9982861,0.03370974,0.033333333,-0.89304359,1.4959317,0.60288813
10740,0.537,0.9735432,0.030051648,0.033333333,-0.88726695,1.4588545,0.57158754
10760,0.538,0.96802439,0.02365508,0.033333333,-0.90062893,1.4505846,0.54995563
10780,0.539,0.98068804,0.022281493,0.033333333,-0.89379476,1.469561,0.57576627
10800,0.54,0.99620456,0.028698683,0.033333333,-0.88554524,1.4928125,0.60726729
10820,0.541,0.96721186,0.032035282,0.033333333,-0.8538814,1.449367,0.59548557
10840,0.542,0.95559235,0.028159061,0.033333333,-0.85973237,1.4319551,0.57222277
10860,0.543,0.98548547,0.025652337,0.033333333,-0.8837126,1.47675,0.59303737
10880,0.544,1.0070379,0.031172904,0.033333333,-0.87074793,1.5090463,0.63829838
10900,0.545,1.0103886,0.034211156,0.033333333,-0.86277807,1.5140673,0.65128918
10920,0.546,0.99960729,0.030261031,0.033333333,-0.86970941,1.4979115,0.62820211
10940,0.547,1.0017504,0.030320098,0.033333333,-0.87423436,1.501123,0.62688868
10960,0.548,1.0233347,0.030832449,0.033333333,-0.86953114,1.533467,0.6639359
10980,0.549,1.0296393,0.025775412,0.033333333,-0.85894056,1.5429145,0.68397393
11000,0.55,1.0199458,0.033629181,0.033333333,-0.87231905,1.5283888,0.65606972
11020,0.551,0.98688193,0.023608879,0.033333333,-0.84785231,1.4788426,0.63099026
11040,0.552,0.99484412,0.026251004,0.033333333,-0.84128381,1.4907739,0.6494901
11060,0.553,1.0664127,0.034418072,0.033333333,-0.92230812,1.5980195,0.67571133
11080,0.554,1.0692454,0.024760055,0.033333333,-0.9436739,1.6022642,0.65859033
11100,0.555,1.0210819,0.033648103,0.033333333,-0.91178963,1.5300912,0.61830153
11120,0.556,0.9900244,0.024710777,0.033333333,-0.86843947,1.4835516,0.6151121
11140,0.557,1.000169,0.02936281,0.033333333,-0.85579759,1.4987533,0.64295567
11160,0.558,1.0003481,0.027763597,0.033333333,-0.85477667,1.4990216,0.64424494
11180,0.559,0.97568905,0.03101983,0.033333333,-0.85430704,1.46207,0.607763
11200,0.56,0.96715471,0.025551847,0.033333333,-0.85594581,1.4492813,0.59333552
11220,0.561,0.99409138,0.029897271,0.033333333,-0.86789363,1.4896459,0.6217523
11240,0.562,1.0153943,0.030230839,0.033333333,-0.87753111,1.5215684,0.64403725
11260,0.563,1.0027858,0.026694078,0.033333333,-0.87929713,1.5026745,0.6233774
11280,0.564,0.97341704,0.024494962,0.033333333,-0.85837632,1.4586654,0.60028911
11300,0.565,1.0111891,0.03196267,0.033333333,-0.89456118,1.5152668,0.62070561
11320,0.566,1.0302692,0.027422014,0.033333333,-0.89000798,1.5438584,0.65385038
11340,0.567,1.0120354,0.026220827,0.033333333,-0.86819745,1.5165351,0.64833762
11360,0.568,0.99823711,0.030168779,0.033333333,-0.87637386,1.4958583,0.61948445
11380,0.569,1.005832,0.023944266,0.033333333,-0.88355554,1.5072392,0.62368364
11400,0.57,1.0171871,0.031959286,0.033333333,-0.8659716,1.5242549,0.65828326
11420,0.571,1.0278974,0.029300224,0.033333333,-0.87263734,1.5403043,0.66766692
11440,0.572,0.99647461,0.024714172,0.033333333,-0.85048442,1.4932172,0.64273278
11460,0.573,0.99600778,0.026598117,0.033333333,-0.8596109,1.4925177,0.63290675
11480,0.574,1.0169075,0.029628268,0.033333333,-0.86067637,1.5238359,0.6631595
11500,0.575,1.0216692,0.028257757,0.033333333,-0.84385029,1.5309712,0.68712094
11520,0.576,1.0118423,0.024197762,0.033333333,-0.84415716,1.5162457,0.67208858
11540,0.577,1.0085671,0.02917767,0.033333333,-0.8594874,1.5113378,0.65185039
11560,0.578,1.0186195,0.025094411,0.033333333,-0.85652114,1.5264013,0.66988013
11580,0.579,1.0384857,0.031511007,0.033333333,-0.85678347,1.5561709,0.69938742
11600,0.58,1.0422987,0.029806952,0.033333333,-0.87111216,1.5618847,0.6907725
11620,0.581,1.0306754,0.02849331,0.033333333,-0.88760909,1.5444671,0.65685804
11640,0.582,1.0235316,0.028582288,0.033333333,-0.88597319,1.533762,0.64778885
11660,0.583,1.0151968,0.023420756,0.033333333,-0.85793299,1.5212724,0.66333938
11680,0.584,1.0130244,0.030949446,0.033333333,-0.86166633,1.5180171,0.65635075
11700,0.585,1.0019646,0.030608322,0.033333333,-0.88407289,1.501444,0.61737109
11720,0.586,0.98694453,0.024419191,0.033333333,-0.88991022,1.4789364,0.58902615
11740,0.587,0.98633021,0.026704694,0.033333333,-0.88046393,1.4780158,0.59755189
11760,0.588,1.0112509,0.03000351,0.033333333,-0.91032268,1.5153595,0.60503686
11780,0.589,0.97800677,0.026106837,0.033333333,-0.88528583,1.4655431,0.58025732
11800,0.59,0.9416186,0.026450232,0.033333333,-0.85589457,1.4110155,0.55512091
11820,0.591,0.95735597,0.037028521,0.033333333,-0.87066759,1.4345979,0.56393033
11840,0.592,0.981975,0.029555866,0.033333333,-0.88122291,1.4714895,0.59026664
11860,0.593,0.98690786,0.029635151,0.033333333,-0.89073676,1.4788814,0.58814468
11880,0.594,0.96485903,0.025598924,0.033333333,-0.87312897,1.4458413,0.57271229
11900,0.595,0.99088851,0.026307274,0.033333333,-0.90374108,1.4848464,0.58110535
11920,0.596,1.0218766,0.026856716,0.033333333,-0.91588021,1.5312821,0.61540194
11940,0.597,1.0213593,0.027660076,0.033333333,-0.89692022,1.5305069,0.6335867
11960,0.598,0.97164293,0.031829674,0.033333333,-0.83240538,1.4560069,0.62360155
11980,0.599,0.98360082,0.021364684,0.033333333,-0.84936038,1.4739258,0.62456545
12000,0.6,1.0003506,0.028404024,0.033333333,-0.84428915,1.4990254,0.65473623
12020,0.601,1.0182047,0.031518342,0.033333333,-0.84243391,1.5257798,0.68334586
12040,0.602,1.0240865,0.033967725,0.033333333,-0.8540393,1.5345936,0.68055429
12060,0.603,1.0078365,0.026025024,0.033333333,-0.84026909,1.5102429,0.66997383
12080,0.604,1.0357075,0.034408951,0.033333333,-0.87256147,1.5520077,0.67944627
12100,0.605,1.0320009,0.033060548,0.033333333,-0.84728682,1.5464533,0.69916647
12120,0.606,1.0268756,0.028236507,0.033333333,-0.84441333,1.5387731,0.69435974
12140,0.607,1.0166518,0.026946469,0.033333333,-0.85153178,1.5234527,0.67192092
12160,0.608,1.0076471,0.031342559,0.033333333,-0.84487549,1.5099591,0.66508361
12180,0.609,0.98975321,0.029866029,0.033333333,-0.80430471,1.4831452,0.67884047
12200,0.61,1.0066591,0.030590035,0.033333333,-0.82469897,1.5084786,0.68377967
12220,0.611,1.0070517,0.033620559,0.033333333,-0.84375221,1.5090669,0.66531473
12240,0.612,0.99433619,0.028257639,0.033333333,-0.8386872,1.4900128,0.65132558
12260,0.613,0.99756869,0.028825712,0.033333333,-0.83645288,1.4948567,0.6584038
12280,0.614,1.0127812,0.032757095,0.033333333,-0.84967831,1.5176526,0.66797432
12300,0.615,1.0015553,0.025901561,0.033333333,-0.84430351,1.5008307,0.65652716
12320,0.616,0.99274234,0.031868005,0.033333333,-0.85136475,1.4876244,0.63625965
12340,0.617,0.99595767,0.026990028,0.033333333,-0.85828251,1.4924426,0.63416007
12360,0.618,0.97642486,0.028443291,0.033333333,-0.81871148,1.4631727,0.64446118
12380,0.619,0.98984099,0.028305309,0.033333333,-0.84209491,1.4832767,0.64118182
12400,0.62,0.99279938,0.032741587,0.033333333,-0.86411214,1.4877099,0.62359774
12420,0.621,0.98074101,0.026908048,0.033333333,-0.85276412,1.4696404,0.61687628
12440,0.622,0.98786012,0.030003404,0.033333333,-0.85368612,1.4803084,0.62662226
12460,0.623,0.97862947,0.026393025,0.033333333,-0.83179889,1.4664763,0.63467738
12480,0.624,0.97323714,0.032301242,0.033333333,-0.82831818,1.4583959,0.63007768
12500,0.625,0.98903446,0.031418265,0.033333333,-0.85498701,1.4820681,0.62708113
12520,0.626,0.99186734,0.030167448,0.033333333,-0.84562949,1.4863132,0.64068372
12540,0.627,0.98799543,0.032105462,0.033333333,-0.81721704,1.4805112,0.66329411
12560,0.628,1.0028218,0.025204088,0.033333333,-0.82566316,1.5027285,0.67706537
12580,0.629,0.99913125,0.031707019,0.033333333,-0.81508657,1.4971982,0.6821116
12600,0.63,1.0109486,0.028153536,0.033333333,-0.81874715,1.5149065,0.69615935
12620,0.631,1.0423067,0.03166609,0.033333333,-0.84078419,1.5618967,0.72111246
12640,0.632,1.0496212,0.031964203,0.033333333,-0.83634737,1.5728573,0.73650994
12660,0.633,1.051926,0.031691594,0.033333333,-0.84349562,1.5763111,0.73281549
12680,0.634,1.0512532,0.031376359,0.033333333,-0.85339061,1.5753029,0.72191225
12700,0.635,1.0388466,0.028981821,0.033333333,-0.83879313,1.5567116,0.71791848
12720,0.636,1.0359173,0.027071678,0.033333333,-0.83757584,1.5523221,0.71474629
12740,0.637,1.0157409,0.025548343,0.033333333,-0.82095307,1.5220878,0.7011347
12760,0.638,1.0049139,0.029401924,0.033333333,-0.82827899,1.5058635,0.67758451
12780,0.639,0.99461171,0.02983292,0.033333333,-0.82844643,1.4904256,0.66197922
12800,0.64,1.0040852,0.025981189,0.033333333,-0.8452333,1.5046216,0.65938833
12820,0.641,1.0063275,0.035982162,0.033333333,-0.84956982,1.5079818,0.65841196
12840,0.642,1.0004243,0.028950626,0.033333333,-0.8507688,1.4991358,0.648367
12860,0.643,0.99818379,0.026874128,0.033333333,-0.86036637,1.4957784,0.63541203
12880,0.644,0.98526551,0.031601158,0.033333333,-0.84358926,1.4764204,0.63283111
12900,0.645,0.96930207,0.021836977,0.033333333,-0.81171898,1.4524991,0.64078017
12920,0.646,0.97549807,0.032139687,0.033333333,-0.8168055,1.4617839,0.64497837
12940,0.647,0.97770968,0.026792969,0.033333333,-0.82397118,1.465098,0.64112677
12960,0.648,0.96250342,0.027337719,0.033333333,-0.79783576,1.4423114,0.64447561
12980,0.649,0.98573845,0.030959544,0.033333333,-0.81862008,1.4771291,0.65850899
13000,0.65,1.0119552,0.028559117,0.033333333,-0.84223128,1.5164148,0.67418356
13020,0.651,1.0085348,0.028185686,0.033333333,-0.83350002,1.5112894,0.67778939
13040,0.652,1.0068148,0.03122343,0.033333333,-0.83271089,1.5087119,0.67600104
13060,0.653,0.99852101,0.028669027,0.033333333,-0.81341938,1.4962837,0.68286436
13080,0.654,0.99834293,0.035614525,0.033333333,-0.79984066,1.4960169,0.69617622
13100,0.655,1.0141529,0.030641372,0.033333333,-0.81825236,1.5197081,0.70145572
13120,0.656,1.0126806,0.033622027,0.033333333,-0.82411172,1.517502,0.69339023
13140,0.657,1.0107038,0.029235607,0.033333333,-0.82423822,1.5145396,0.69030142
13160,0.658,1.0057321,0.029829439,0.033333333,-0.80943811,1.5070896,0.6976515
13180,0.659,1.0227633,0.029605936,0.033333333,-0.83014668,1.5326108,0.70246411
13200,0.66,1.0169856,0.031178708,0.033333333,-0.83287233,1.5239528,0.69108052
13220,0.661,1.0020569,0.026180649,0.033333333,-0.82854916,1.5015823,0.67303315
13240,0.662,1.0022807,0.031872166,0.033333333,-0.84031701,1.5019176,0.66160058
13260,0.663,0.98730628,0.02963993,0.033333333,-0.833787,1.4794785,0.64569147
13280,0.664,0.97503489,0.028350302,0.033333333,-0.84610717,1.4610898,0.6149826
13300,0.665,0.97240638,0.033403687,0.033333333,-0.87308214,1.457151,0.58406882
13320,0.666,0.95858515,0.025847941,0.033333333,-0.86814027,1.4364398,0.56829957
13340,0.667,0.95290213,0.028654523,0.033333333,-0.8577662,1.4279238,0.57015763
13360,0.668,0.9675355,0.028115308,0.033333333,-0.8778897,1.4498519,0.57196224
13380,0.669,0.9697355,0.02355296,0.033333333,-0.88708104,1.4531486,0.5660676
13400,0.67,0.96410225,0.027208927,0.033333333,-0.8791127,1.4447072,0.56559452
13420,0.671,0.98199307,0.028750387,0.033333333,-0.89191561,1.4715166,0.57960101
13440,0.672,0.96429728,0.030639571,0.033333333,-0.84764289,1.4449995,0.59735658
13460,0.673,0.97908421,0.024265761,0.033333333,-0.86094233,1.4671577,0.60621536
13480,0.674,1.0074724,0.030948195,0.033333333,-0.90027114,1.5096975,0.60942632
13500,0.675,1.0191644,0.028806991,0.033333333,-0.90612865,1.5272178,0.62108913
13520,0.676,1.0141172,0.034938547,0.033333333,-0.87942892,1.5196546,0.64022573
13540,0.677,1.0223724,0.029644734,0.033333333,-0.88262679,1.532025,0.64939826
13560,0.678,1.0334143,0.025744056,0.033333333,-0.90429868,1.5485714,0.64427271
13580,0.679,1.0245573,0.026476755,0.033333333,-0.89465971,1.5352991,0.64063934
13600,0.68,1.0121336,0.032922744,0.033333333,-0.87055504,1.5166822,0.64612716
13620,0.681,1.0178956,0.028332523,0.033333333,-0.87456049,1.5253166,0.65075609
13640,0.682,1.012354,0.02760602,0.033333333,-0.87345273,1.5170125,0.64355973
13660,0.683,0.99396409,0.035940099,0.033333333,-0.85865454,1.4894552,0.63080066
13680,0.684,0.99407375,0.029393258,0.033333333,-0.8665696,1.4896195,0.62304991
13700,0.685,0.99636833,0.029373596,0.033333333,-0.86963988,1.4930579,0.62341806
13720,0.686,0.99737304,0.025926935,0.033333333,-0.87858618,1.4945635,0.61597732
13740,0.687,0.98853445,0.025564244,0.033333333,-0.88528673,1.4813189,0.59603214
13760,0.688,0.98052971,0.025894587,0.033333333,-0.89546487,1.4693238,0.5738589
13780,0.689,0.98003378,0.026795397,0.033333333,-0.90622135,1.4685806,0.56235927
13800,0.69,0.9766535,0.02897999,0.033333333,-0.91365528,1.4635153,0.54985999
13820,0.691,0.96436283,0.026800319,0.033333333,-0.91814425,1.4450977,0.52695345
13840,0.692,0.96382664,0.019660392,0.033333333,-0.94416369,1.4442942,0.50013052
13860,0.693,0.94270532,0.031899768,0.033333333,-0.92383642,1.4126439,0.48880749
13880,0.694,0.94156487,0.021943109,0.033333333,-0.9153993,1.410935,0.49553566
13900,0.695,0.9334103,0.024002384,0.033333333,-0.8964166,1.3987153,0.50229873
13920,0.696,0.94137239,0.025561808,0.033333333,-0.91072148,1.4106465,0.49992504
13940,0.697,0.95190782,0.028967092,0.033333333,-0.92273998,1.4264339,0.50369389
13960,0.698,0.97881324,0.026984068,0.033333333,-0.94442168,1.4667516,0.52232997
13980,0.699,0.98615342,0.029606226,0.033333333,-0.93513557,1.4777509,0.54261533
14000,0.7,0.97980128,0.026060786,0.033333333,-0.92043872,1.4682322,0.5477935
14020,0.701,0.97094338,0.025224297,0.033333333,-0.91099671,1.4549587,0.54396195
14040,0.702,0.98924124,0.027972538,0.033333333,-0.93047776,1.482378,0.55190024
14060,0.703,0.98878998,0.031895599,0.033333333,-0.90818684,1.4817018,0.57351494
14080,0.704,0.98670112,0.028084423,0.033333333,-0.89215383,1.4785716,0.58641779
14100,0.705,0.98343614,0.023703049,0.033333333,-0.89219272,1.4736791,0.58148634
14120,0.706,0.99851575,0.031827868,0.033333333,-0.91393024,1.4962759,0.58234561
14140,0.707,1.0225974,0.030020947,0.033333333,-0.9312453,1.5323622,0.60111688
14160,0.708,1.0309595,0.025280035,0.033333333,-0.9230876,1.5448929,0.62180526
14180,0.709,1.0056374,0.026606261,0.033333333,-0.8885011,1.5069476,0.61844655
14200,0.71,0.98159526,0.034340591,0.033333333,-0.86528207,1.4709205,0.60563842
14220,0.711,0.97267769,0.027615963,0.033333333,-0.84325208,1.4575575,0.61430544
14240,0.712,0.99034743,0.029464527,0.033333333,-0.84346384,1.4840356,0.64057179
14260,0.713,1.0266702,0.031012251,0.033333333,-0.88719398,1.5384654,0.65127138
14280,0.714,1.0295435,0.027699048,0.033333333,-0.90242564,1.5427709,0.64034524
14300,0.715,1.0225061,0.026023028,0.033333333,-0.8942724,1.5322254,0.63795296
14320,0.716,1.0381541,0.031336709,0.033333333,-0.89659056,1.5556739,0.65908333
14340,0.717,1.0546894,0.025114367,0.033333333,-0.90591592,1.580452,0.67453609
14360,0.718,1.0347513,0.029265503,0.033333333,-0.89351495,1.5505748,0.65705985
14380,0.719,1.0145961,0.032381895,0.033333333,-0.8904985,1.5203722,0.62987375
14400,0.72,1.0217278,0.029223066,0.033333333,-0.90536301,1.5310592,0.62569617
14420,0.721,1.0256595,0.032910707,0.033333333,-0.91279982,1.5369507,0.62415093
14440,0.722,1.0173393,0.025331348,0.033333333,-0.92967012,1.5244829,0.59481279
14460,0.723,0.98408488,0.030341875,0.033333333,-0.92464098,1.4746512,0.55001021
14480,0.724,0.96098942,0.028052915,0.033333333,-0.90939537,1.4400426,0.53064728
14500,0.725,0.98238212,0.027578893,0.033333333,-0.92787141,1.4720996,0.5442282
14520,0.726,0.98495256,0.032021484,0.033333333,-0.92911189,1.4759514,0.54683952
14540,0.727,0.99123369,0.028020857,0.033333333,-0.96143724,1.4853637,0.52392644
14560,0.728,0.9595389,0.026357346,0.033333333,-0.92939222,1.437869,0.50847683
14580,0.729,0.97586768,0.028604253,0.033333333,-0.93585508,1.4623377,0.52648264
14600,0.73,1.0104012,0.027067724,0.033333333,-0.9646386,1.5140862,0.54944763
14620,0.731,0.99549049,0.024081398,0.033333333,-0.94789403,1.4917425,0.54384846
14640,0.732,0.99377026,0.027454804,0.033333333,-0.96170083,1.4891647,0.52746391
14660,0.733,0.98700681,0.030171946,0.033333333,-0.93679765,1.4790297,0.54223206
14680,0.734,0.98083538,0.028352388,0.033333333,-0.89199837,1.4697818,0.57778345
14700,0.735,1.007454,0.031419389,0.033333333,-0.91850329,1.5096698,0.59116647
14720,0.736,0.98234713,0.032272067,0.033333333,-0.89256607,1.4720472,0.5794811
14740,0.737,0.99294466,0.02644469,0.033333333,-0.90346818,1.4879276,0.58445939
14760,0.738,1.0070837,0.030106831,0.033333333,-0.88911498,1.5091149,0.6199999
14780,0.739,1.0412578,0.026188926,0.033333333,-0.91373453,1.5603249,0.64659035
14800,0.74,1.0338924,0.028800513,0.033333333,-0.91261717,1.5492878,0.6366706
14820,0.741,1.0298789,0.035878108,0.033333333,-0.9202469,1.5432736,0.62302666
14840,0.742,1.0393362,0.025963308,0.033333333,-0.92341009,1.5574453,0.63403519
14860,0.743,1.0412971,0.030331136,0.033333333,-0.90745447,1.5603836,0.65292917
14880,0.744,1.0456378,0.022573562,0.033333333,-0.92590286,1.5668882,0.64098536
14900,0.745,1.0244492,0.031019825,0.033333333,-0.9276229,1.5351371,0.60751423
14920,0.746,0.99596892,0.025435617,0.033333333,-0.89542586,1.4924594,0.59703357
14940,0.747,1.0069927,0.028410754,0.033333333,-0.89648209,1.5089785,0.61249643
14960,0.748,1.0174213,0.032979874,0.033333333,-0.91159705,1.5246058,0.61300877
14980,0.749,1.0068918,0.032305634,0.033333333,-0.92214947,1.5088273,0.58667783
15000,0.75,0.98633867,0.025283571,0.033333333,-0.90574888,1.4780285,0.57227961
15020,0.751,0.9912474,0.026105395,0.033333333,-0.89978124,1.4853842,0.585603
15040,0.752,1.0154487,0.031709004,0.033333333,-0.92117674,1.5216498,0.60047311
15060,0.753,0.99824227,0.03323491,0.033333333,-0.90866507,1.495866,0.58720097
15080,0.754,0.9771729,0.022934656,0.033333333,-0.89603789,1.4642936,0.5682557
15100,0.755,0.96576589,0.026825222,0.033333333,-0.87002216,1.4472002,0.57717803
15120,0.756,1.0002463,0.036727468,0.033333333,-0.90087419,1.4988691,0.59799491
15140,0.757,1.0114105,0.032668841,0.033333333,-0.91413207,1.5155986,0.60146653
15160,0.758,0.98750574,0.032531816,0.033333333,-0.89200151,1.4797774,0.58777584
15180,0.759,0.96128181,0.024257158,0.033333333,-0.85135657,1.4404808,0.58912422
15200,0.76,0.99845453,0.028762256,0.033333333,-0.88260004,1.4961841,0.61358406
15220,0.761,1.0108728,0.02975925,0.033333333,-0.88519882,1.5147928,0.62959401
15240,0.762,1.0161364,0.027241431,0.033333333,-0.89630264,1.5226804,0.62637778
15260,0.763,1.0201689,0.0315499,0.033333333,-0.90163299,1.5287231,0.62709011
15280,0.764,1.0084052,0.02814632,0.033333333,-0.86383694,1.5110952,0.64725829
15300,0.765,1.0285752,0.029711533,0.033333333,-0.87585475,1.54132,0.66546526
15320,0.766,1.0346722,0.032409427,0.033333333,-0.88562341,1.5504564,0.66483294
15340,0.767,1.0160074,0.026570501,0.033333333,-0.86412394,1.5224871,0.65836315
15360,0.768,1.0202192,0.03021448,0.033333333,-0.8613852,1.5287984,0.66741325
15380,0.769,1.0120511,0.028495965,0.033333333,-0.83371247,1.5165586,0.68284613
15400,0.77,1.0186918,0.029795585,0.033333333,-0.84402046,1.5265097,0.68248927
15420,0.771,1.0230575,0.032904035,0.033333333,-0.8598433,1.5330517,0.67320838
15440,0.772,1.0233558,0.030702166,0.033333333,-0.86196622,1.5334986,0.67153241
15460,0.773,1.0311744,0.035237894,0.033333333,-0.86837941,1.5452148,0.6768354
15480,0.774,1.0167404,0.035253966,0.033333333,-0.85706312,1.5235855,0.66652242
15500,0.775,1.012224,0.028209275,0.033333333,-0.87726473,1.5168176,0.63955289
15520,0.776,1.0105259,0.029580183,0.033333333,-0.89589848,1.514273,0.61837452
15540,0.777,0.98637866,0.034002766,0.033333333,-0.8687379,1.4780884,0.60935053
15560,0.778,0.98870208,0.02894108,0.033333333,-0.88394903,1.4815701,0.59762104
15580,0.779,0.97567823,0.025987333,0.033333333,-0.88652246,1.4620538,0.57553137
15600,0.78,0.9988659,0.030541551,0.033333333,-0.93795238,1.4968006,0.55884818
15620,0.781,0.98986697,0.024018695,0.033333333,-0.92372752,1.4833157,0.55958814
15640,0.782,0.983858,0.028629905,0.033333333,-0.9131974,1.4743112,0.56111382
15660,0.783,0.97940208,0.034736903,0.033333333,-0.91863975,1.467634,0.54899427
15680,0.784,0.98141756,0.031240765,0.033333333,-0.93444713,1.4706542,0.53620709
15700,0.785,0.97156426,0.028754206,0.033333333,-0.91562683,1.455889,0.54026222
15720,0.786,0.99421554,0.029538095,0.033333333,-0.93851889,1.489832,0.55131309
15740,0.787,0.98897602,0.02479124,0.033333333,-0.93219702,1.4819806,0.54978355
15760,0.788,0.9907404,0.027713968,0.033333333,-0.94528326,1.4846245,0.53934122
15780,0.789,0.99694647,0.026580622,0.033333333,-0.94803361,1.4939243,0.54589067
15800,0.79,1.0140775,0.032543702,0.033333333,-0.95423535,1.5195951,0.56535972
15820,0.791,0.99104138,0.02695102,0.033333333,-0.90772134,1.4850755,0.57735416
15840,0.792,0.97564656,0.024436947,0.033333333,-0.88606472,1.4620064,0.57594165
15860,0.793,0.99161982,0.028449715,0.033333333,-0.8991243,1.4859423,0.58681799
15880,0.794,1.0125729,0.025546269,0.033333333,-0.89654824,1.5173406,0.62079232
15900,0.795,1.0286839,0.028761882,0.033333333,-0.88947005,1.5414828,0.65201277
15920,0.796,1.032786,0.028638827,0.033333333,-0.89170667,1.5476298,0.65592308
15940,0.797,1.0327144,0.030888795,0.033333333,-0.89374471,1.5475225,0.65377781
15960,0.798,1.0124401,0.030533727,0.033333333,-0.84874732,1.5171415,0.66839415
15980,0.799,1.013018,0.028256482,0.033333333,-0.83009965,1.5180075,0.68790788
16000,0.8,1.0298441,0.034195818,0.033333333,-0.85914548,1.5432214,0.68407592
16020,0.801,1.0124542,0.03199785,0.033333333,-0.85352037,1.5171626,0.66364223
16040,0.802,1.0131635,0.025989936,0.033333333,-0.86177359,1.5182255,0.65645194
16060,0.803,1.0344117,0.030241963,0.033333333,-0.88107133,1.550066,0.66899464
16080,0.804,1.0262706,0.02815625,0.033333333,-0.87086475,1.5378666,0.6670018
16100,0.805,1.0193736,0.026569117,0.033333333,-0.88744596,1.5275313,0.64008532
16120,0.806,0.99673609,0.026506287,0.033333333,-0.87558672,1.493609,0.61802231
16140,0.807,0.99435407,0.033507162,0.033333333,-0.86859013,1.4900396,0.62144944
16160,0.808,1.0087718,0.028254856,0.033333333,-0.88231799,1.5116445,0.62932652
16180,0.809,1.0003562,0.025472362,0.033333333,-0.88657198,1.4990338,0.61246179
16200,0.81,0.99057706,0.035828855,0.033333333,-0.89722836,1.4843797,0.58715137
16220,0.811,0.99271251,0.027015137,0.033333333,-0.90155963,1.4875797,0.58602007
16240,0.812,0.99144362,0.029374229,0.033333333,-0.88171447,1.4856783,0.60396379
16260,0.813,0.9917066,0.032609861,0.033333333,-0.8783967,1.4860723,0.60767564
16280,0.814,0.96929237,0.023140341,0.033333333,-0.86476229,1.4524846,0.58772233
16300,0.815,0.95410246,0.025885313,0.033333333,-0.84928555,1.4297225,0.58043699
16320,0.816,0.97150929,0.025862682,0.033333333,-0.85183358,1.4558067,0.60397309
16340,0.817,0.98236457,0.029575781,0.033333333,-0.84463503,1.4720733,0.62743828
16360,0.818,1.0117192,0.02927406,0.033333333,-0.89460337,1.5160613,0.62145789
16380,0.819,1.0039317,0.033098481,0.033333333,-0.89699166,1.5043916,0.60739995
16400,0.82,0.99177138,0.033715453,0.033333333,-0.86858614,1.4861694,0.61758327
16420,0.821,1.0143986,0.027872767,0.033333333,-0.87683297,1.5200763,0.64324329
16440,0.822,1.0068585,0.030825169,0.033333333,-0.86406462,1.5087775,0.64471284
16460,0.823,0.98240835,0.031233867,0.033333333,-0.84799773,1.4721389,0.62414118
16480,0.824,0.98904699,0.022501534,0.033333333,-0.86254299,1.4820869,0.61954393
16500,0.825,1.0212472,0.02957656,0.033333333,-0.88809324,1.5303389,0.64224565
16520,0.826,1.036273,0.031833748,0.033333333,-0.89395768,1.5528552,0.65889747
16540,0.827,1.0053979,0.028533918,0.033333333,-0.86456688,1.5065887,0.6420218
16560,0.828,0.9904538,0.028588858,0.033333333,-0.86438602,1.484195,0.61980899
16580,0.829,0.98854427,0.027860035,0.033333333,-0.85634621,1.4813336,0.62498738
16600,0.83,1.0103637,0.025816062,0.033333333,-0.87249638,1.5140301,0.64153368
16620,0.831,1.016136,0.029152942,0.033333333,-0.89199089,1.5226798,0.6306889
16640,0.832,0.99218621,0.028412582,0.033333333,-0.88952061,1.486791,0.59727043
16660,0.833,0.97380302,0.026405428,0.033333333,-0.88166254,1.4592438,0.57758129
16680,0.834,0.97671808,0.024728018,0.033333333,-0.88360166,1.463612,0.58001039
16700,0.835,0.96537491,0.029804597,0.033333333,-0.86898978,1.4466143,0.57762452
16720,0.836,0.94871674,0.025020442,0.033333333,-0.87073136,1.421652,0.55092067
16740,0.837,0.93372365,0.030968539,0.033333333,-0.86929258,1.3991849,0.52989231
16760,0.838,0.94238334,0.024471003,0.033333333,-0.87299264,1.4121614,0.53916879
16780,0.839,0.9630104,0.028647077,0.033333333,-0.88055978,1.4430711,0.5625113
16800,0.84,0.98077559,0.032591887,0.033333333,-0.90493506,1.4696922,0.56475717
16820,0.841,0.96431377,0.022157358,0.033333333,-0.88933814,1.4450242,0.55568605
16840,0.842,0.97341927,0.037169991,0.033333333,-0.89035895,1.4586688,0.56830982
16860,0.843,1.0156512,0.026684697,0.033333333,-0.91774806,1.5219533,0.60420526
16880,0.844,1.0109767,0.02693424,0.033333333,-0.88573356,1.5149486,0.629215
16900,0.845,0.99986508,0.029953958,0.033333333,-0.87336983,1.4982978,0.624928
16920,0.846,1.008096,0.027614856,0.033333333,-0.89049573,1.5106318,0.6201361
16940,0.847,1.0196395,0.030441258,0.033333333,-0.89054991,1.5279298,0.63737987
16960,0.848,1.0364204,0.032415291,0.033333333,-0.89500222,1.5530759,0.65807369
16980,0.849,1.0211605,0.029328807,0.033333333,-0.87679585,1.5302091,0.65341321
17000,0.85,1.008841,0.0204698,0.033333333,-0.87838762,1.5117483,0.63336063
17020,0.851,1.0115945,0.032966457,0.033333333,-0.88681691,1.5158743,0.62905739
17040,0.852,1.029519,0.033610648,0.033333333,-0.90018282,1.5427342,0.64255139
17060,0.853,1.0349298,0.027147582,0.033333333,-0.90584293,1.5508423,0.64499942
17080,0.854,1.0107638,0.034387231,0.033333333,-0.89126326,1.5146296,0.62336636
17100,0.855,0.97658844,0.027272322,0.033333333,-0.85984026,1.4634178,0.60357751
17120,0.856,0.9765194,0.027185492,0.033333333,-0.8550895,1.4633143,0.60822482
17140,0.857,0.99052727,0.025393321,0.033333333,-0.86262732,1.4843051,0.62167778
17160,0.858,1.0000838,0.03123549,0.033333333,-0.88178893,1.4986256,0.61683667
17180,0.859,0.97647108,0.030979447,0.033333333,-0.8633203,1.4632419,0.59992161
17200,0.86,0.96531689,0.024854983,0.033333333,-0.84730718,1.4465274,0.59922019
17220,0.861,1.000655,0.025160808,0.033333333,-0.8805665,1.4994815,0.61891503
17240,0.862,1.0343002,0.033131425,0.033333333,-0.91907514,1.5498988,0.63082365
17260,0.863,1.0183791,0.02617748,0.033333333,-0.90493225,1.5260411,0.62110886
17280,0.864,0.99627022,0.027936754,0.033333333,-0.88192642,1.4929109,0.6109845
17300,0.865,1.0033366,0.02887291,0.033333333,-0.88193484,1.5034998,0.62156499
17320,0.866,1.0296646,0.02850551,0.033333333,-0.90231094,1.5429524,0.6406415
17340,0.867,1.0357838,0.027977987,0.033333333,-0.91074242,1.552122,0.64137957
17360,0.868,1.0131743,0.02671976,0.033333333,-0.89080018,1.5182416,0.62744143
17380,0.869,1.0213356,0.03040717,0.033333333,-0.90506862,1.5304715,0.62540284
17400,0.87,1.0337716,0.035121672,0.033333333,-0.91035486,1.5491067,0.63875187
17420,0.871,1.0085821,0.025734266,0.033333333,-0.86989744,1.5113603,0.64146282
17440,0.872,1.0127926,0.025286367,0.033333333,-0.89547695,1.5176697,0.62219275
17460,0.873,0.98751391,0.026215598,0.033333333,-0.87689093,1.4797896,0.60289867
17480,0.874,0.96809451,0.025093245,0.033333333,-0.84749668,1.4506896,0.60319295
17500,0.875,0.97769013,0.029730453,0.033333333,-0.85446481,1.4650687,0.61060385
17520,0.876,0.9850612,0.022514642,0.033333333,-0.87137018,1.4761142,0.60474403
17540,0.877,0.99599693,0.032056632,0.033333333,-0.90392609,1.4925014,0.58857531
17560,0.878,0.99147456,0.028720751,0.033333333,-0.90016485,1.4857246,0.58555978
17580,0.879,0.99643813,0.025855819,0.033333333,-0.89432786,1.4931625,0.59883468
17600,0.88,0.98908406,0.031118966,0.033333333,-0.87451257,1.4821425,0.60762989
17620,0.881,0.99785309,0.025124857,0.033333333,-0.89802218,1.4952829,0.59726068
17640,0.882,0.99677176,0.024258226,0.033333333,-0.90502242,1.4936625,0.58864007
17660,0.883,1.0060936,0.031036441,0.033333333,-0.90749638,1.5076312,0.60013481
17680,0.884,1.0155407,0.030092325,0.033333333,-0.90336907,1.5217878,0.61841872
17700,0.885,1.015513,0.027086337,0.033333333,-0.902889,1.5217462,0.61885722
17720,0.886,0.99779282,0.030240055,0.033333333,-0.8887216,1.4951925,0.60647094
17740,0.887,0.99804619,0.023180364,0.033333333,-0.88847523,1.4955722,0.60709699
17760,0.888,1.0162855,0.029615678,0.033333333,-0.89607117,1.5229039,0.62683269
17780,0.889,1.0288625,0.026549903,0.033333333,-0.90513402,1.5417505,0.63661644
17800,0.89,1.0082385,0.034752556,0.033333333,-0.88284291,1.5108454,0.62800245
17820,0.891,0.98332173,0.024724455,0.033333333,-0.85215584,1.4735076,0.62135177
17840,0.892,0.99568316,0.032573786,0.033333333,-0.85775666,1.4920312,0.63427456
17860,0.893,1.014778,0.03084095,0.033333333,-0.86674783,1.5206449,0.65389707
17880,0.894,1.0214669,0.033448771,0.033333333,-0.87698946,1.5306681,0.65367868
17900,0.895,1.0061227,0.027393862,0.033333333,-0.86492744,1.5076749,0.64274743
17920,0.896,1.0061485,0.031276366,0.033333333,-0.86195135,1.5077135,0.64576219
17940,0.897,1.0270666,0.02653477,0.033333333,-0.87588087,1.5390592,0.66317837
17960,0.898,1.0166479,0.033430411,0.033333333,-0.85428202,1.5234469,0.66916488
17980,0.899,1.0066168,0.024111029,0.033333333,-0.85319405,1.5084152,0.65522118
18000,0.9,1.011806,0.03071632,0.033333333,-0.87098593,1.5161912,0.64520532
18020,0.901,1.0303422,0.037579796,0.033333333,-0.8913851,1.5439677,0.65258262
18040,0.902,1.0429978,0.029580816,0.033333333,-0.9080019,1.5629322,0.6549303
18060,0.903,1.0339284,0.027371506,0.033333333,-0.91752784,1.5493418,0.63181392
18080,0.904,1.0127494,0.030221056,0.033333333,-0.91971982,1.517605,0.59788517
18100,0.905,0.99775898,0.035617052,0.033333333,-0.9145584,1.4951418,0.58058343
18120,0.906,1.0152266,0.032379417,0.033333333,-0.946041,1.5213171,0.57527606
18140,0.907,0.97433081,0.033087084,0.033333333,-0.90053213,1.4600347,0.55950258
18160,0.908,0.95764852,0.024899164,0.033333333,-0.89842222,1.4350363,0.53661409
18180,0.909,0.98076107,0.025223442,0.033333333,-0.93973121,1.4696705,0.52993926
18200,0.91,0.97687105,0.03291492,0.033333333,-0.92330647,1.4638413,0.5405348
18220,0.911,0.99976517,0.035414067,0.033333333,-0.95352207,1.4981481,0.54462603
18240,0.912,0.98149631,0.022231078,0.033333333,-0.9355243,1.4707722,0.53524792
18260,0.913,0.97067017,0.029319848,0.033333333,-0.92369325,1.4545492,0.53085599
18280,0.914,0.99865636,0.026927662,0.033333333,-0.95223219,1.4964866,0.54425437
18300,0.915,1.0107725,0.02804883,0.033333333,-0.95483191,1.5146425,0.55981063
18320,0.916,1.016014,0.031410129,0.033333333,-0.96333659,1.522497,0.55916042
18340,0.917,0.98065979,0.028569661,0.033333333,-0.91153836,1.4695187,0.55798033
18360,0.918,0.99834835,0.026833688,0.033333333,-0.92456736,1.496025,0.57145764
18380,0.919,1.0220817,0.024812862,0.033333333,-0.93880017,1.5315894,0.59278921
18400,0.92,1.0073849,0.025401946,0.033333333,-0.90929849,1.5095663,0.60026783
18420,0.921,1.0049877,0.02845037,0.033333333,-0.90322569,1.505974,0.60274835
18440,0.922,1.0224081,0.034121711,0.033333333,-0.91287904,1.5320785,0.61919944
18460,0.923,1.0435132,0.030530971,0.033333333,-0.92088882,1.5637046,0.64281578
18480,0.924,1.05708,0.037657384,0.033333333,-0.93119886,1.5840344,0.65283551
18500,0.925,1.0624606,0.029560518,0.033333333,-0.94510864,1.5920973,0.64698862
18520,0.926,1.0175885,0.025101062,0.033333333,-0.87915141,1.5248564,0.64570497
18540,0.927,1.0384452,0.032515992,0.033333333,-0.90515426,1.5561101,0.65095588
18560,0.928,1.0365389,0.023447773,0.033333333,-0.90964311,1.5532535,0.64361042
18580,0.929,1.0158287,0.027568779,0.033333333,-0.90927331,1.5222193,0.61294604
18600,0.93,0.99762357,0.030566336,0.033333333,-0.91597692,1.4949389,0.578962
18620,0.931,0.97757022,0.027344708,0.033333333,-0.90187927,1.464889,0.56300971
18640,0.932,0.97373292,0.026901276,0.033333333,-0.90470906,1.4591388,0.55442972
18660,0.933,0.96810546,0.025408916,0.033333333,-0.91551991,1.450706,0.53518613
18680,0.934,0.97124263,0.026881333,0.033333333,-0.93486501,1.4554071,0.52054207
18700,0.935,0.97153882,0.02376428,0.033333333,-0.92813426,1.4558509,0.52771665
18720,0.936,0.98950639,0.030882671,0.033333333,-0.94046096,1.4827753,0.54231437
18740,0.937,0.97761999,0.027894491,0.033333333,-0.92261303,1.4649635,0.54235052
18760,0.938,0.9778351,0.030479209,0.033333333,-0.93205692,1.4652859,0.53322898
18780,0.939,0.97869847,0.027433165,0.033333333,-0.92573384,1.4665797,0.54084582
18800,0.94,0.98240751,0.026349188,0.033333333,-0.9062382,1.4721376,0.56589945
18820,0.941,0.99459569,0.026257395,0.033333333,-0.90902544,1.4904016,0.5813762
18840,0.942,1.0049224,0.023407418,0.033333333,-0.9266911,1.5058762,0.57918512
18860,0.943,1.0118659,0.030975721,0.033333333,-0.93047518,1.5162811,0.58580593
18880,0.944,0.99415451,0.022928119,0.033333333,-0.87935716,1.4897405,0.61038337
18900,0.945,0.98741543,0.028974964,0.033333333,-0.84803608,1.479642,0.63160594
18920,0.946,1.000042,0.030678708,0.033333333,-0.86892183,1.4985629,0.6296411
18940,0.947,0.99166856,0.033014609,0.033333333,-0.86290908,1.4860153,0.62310626
18960,0.948,1.0122702,0.032392549,0.033333333,-0.87986697,1.5168869,0.63701991
18980,0.949,1.0253009,0.030216958,0.033333333,-0.8789426,1.5364134,0.65747077
19000,0.95,1.0119563,0.02939692,0.033333333,-0.86094589,1.5164165,0.65547059
19020,0.951,1.0083697,0.037267682,0.033333333,-0.87491995,1.511042,0.63612207
19040,0.952,1.0302605,0.022147648,0.033333333,-0.91180477,1.5438454,0.63204063
19060,0.953,1.0140936,0.035158724,0.033333333,-0.87216105,1.5196193,0.6474582
19080,0.954,1.0105293,0.028500577,0.033333333,-0.86745634,1.5142781,0.64682175
19100,0.955,0.99622563,0.033887178,0.033333333,-0.86875361,1.4928441,0.62409049
19120,0.956,0.97651601,0.030315653,0.033333333,-0.85234443,1.4633092,0.61096481
19140,0.957,0.97879899,0.030616806,0.033333333,-0.84536343,1.4667303,0.62136686
19160,0.958,1.0049043,0.029908688,0.033333333,-0.87246498,1.5058492,0.63338418
19180,0.959,0.9863135,0.030390701,0.033333333,-0.85452794,1.4779908,0.62346284
19200,0.96,0.97079165,0.030245006,0.033333333,-0.84811686,1.4547313,0.60661442
19220,0.961,0.98773906,0.029052556,0.033333333,-0.86732342,1.480127,0.61280356
19240,0.962,0.98533204,0.032883518,0.033333333,-0.84406812,1.4765201,0.63245193
19260,0.963,1.0128557,0.032505367,0.033333333,-0.88354121,1.5177642,0.63422303
19280,0.964,0.99970489,0.028192748,0.033333333,-0.8801933,1.4980578,0.61786448
19300,0.965,0.98988017,0.031296797,0.033333333,-0.87099329,1.4833354,0.61234215
19320,0.966,0.99582403,0.024807021,0.033333333,-0.86148876,1.4922423,0.63075355
19340,0.967,1.0223804,0.029964787,0.033333333,-0.88969904,1.532037,0.642338
19360,0.968,1.0082586,0.025198681,0.033333333,-0.88077932,1.5108755,0.63009622
19380,0.969,0.98895591,0.030599804,0.033333333,-0.86637758,1.4819504,0.61557286
19400,0.97,1.0047457,0.03099134,0.033333333,-0.88166286,1.5056114,0.62394853
19420,0.971,1.0251071,0.032087532,0.033333333,-0.89576994,1.536123,0.64035302
19440,0.972,1.0191684,0.03061854,0.033333333,-0.89142497,1.5272239,0.63579894
19460,0.973,1.0109306,0.031586867,0.033333333,-0.89974829,1.5148795,0.61513119
19480,0.974,1.0006947,0.027347225,0.033333333,-0.89133072,1.4995411,0.60821036
19500,0.975,0.99075137,0.0268777,0.033333333,-0.86446033,1.4846409,0.62018061
19520,0.976,0.99725277,0.024724846,0.033333333,-0.8693328,1.4943833,0.62505047
19540,0.977,0.98652345,0.029034882,0.033333333,-0.86675318,1.4783054,0.61155221
19560,0.978,0.96737476,0.02802338,0.033333333,-0.85008114,1.4496111,0.59952994
19580,0.979,0.96403027,0.030549143,0.033333333,-0.83325671,1.4445994,0.61134265
19600,0.98,0.97525425,0.033142064,0.033333333,-0.82943483,1.4614185,0.63198366
19620,0.981,0.99531922,0.027028575,0.033333333,-0.85225171,1.4914859,0.63923415
19640,0.982,1.0167336,0.032218787,0.033333333,-0.88216352,1.5235753,0.64141174
19660,0.983,1.0293424,0.026070576,0.033333333,-0.87994793,1.5424696,0.66252163
19680,0.984,1.0495283,0.027021248,0.033333333,-0.87313108,1.5727182,0.69958708
19700,0.985,1.0776545,0.033128804,0.033333333,-0.88988399,1.6148653,0.72498134
19720,0.986,1.0697793,0.039323344,0.033333333,-0.87609058,1.6030643,0.72697369
19740,0.987,1.052273,0.027574727,0.033333333,-0.85801438,1.576831,0.71881666
19760,0.988,1.0564051,0.031223828,0.033333333,-0.86128201,1.5830231,0.72174107
19780,0.989,1.0636439,0.030813444,0.033333333,-0.87034027,1.5938704,0.72353009
19800,0.99,1.0524268,0.031203803,0.033333333,-0.87110938,1.5770616,0.70595218
19820,0.991,1.0315435,0.036611534,0.033333333,-0.8683436,1.5457679,0.67742427
19840,0.992,1.0287213,0.023755615,0.033333333,-0.87751139,1.5415389,0.66402752
19860,0.993,1.0310883,0.037596226,0.033333333,-0.88181863,1.5450858,0.66326719
19880,0.994,1.0186054,0.026555698,0.033333333,-0.86603152,1.5263802,0.6603487
19900,0.995,1.0031844,0.022596675,0.033333333,-0.86163945,1.5032718,0.64163236
19920,0.996,1.0055926,0.031461427,0.033333333,-0.88142529,1.5068806,0.62545527
19940,0.997,0.99559359,0.034752695,0.033333333,-0.86751843,1.491897,0.62437856
19960,0.998,0.9957455,0.029540178,0.033333333,-0.86282196,1.4921246,0.62930267
19980,0.999,0.9763295,0.024982548,0.033333333,-0.84119934,1.4630298,0.62183042
20000,1.0,0.96793479,0.030637248,0.033333333,-0.84499928,1.4504503,0.605451
